-0.45,-1.95,32.25
-0.45,-1.95,32.25
0.3,-1.8,32.55
0.3,-1.8,32.55
0.15,-1.2,33
0.15,-1.2,33
-0.9,-3.45,32.7
-0.9,-3.45,32.7
-0.9,-3.45,32.7
-0.9,-3.45,32.7
-0.9,-3.45,32.7
-0.9,-3.45,32.7
2.1,-5.55,32.1
2.1,-5.55,32.1
1.35,-2.85,31.35
1.35,-2.85,31.35
2.85,-4.05,31.35
2.85,-4.05,31.35
1.8,-4.35,31.8
1.8,-4.35,31.8
1.8,-4.35,31.8
1.8,-4.35,31.8
1.95,1.2,32.25
1.95,1.2,32.25
0.9,3.45,31.95
0.9,3.45,31.95
-0.45,5.4,31.2
-0.45,5.4,31.2
-2.85,8.55,31.35
-2.85,8.55,31.35
-4.65,14.4,31.05
-4.65,14.4,31.05
-4.65,14.4,31.05
-4.65,14.4,31.05
-10.8,18.15,30.75
-10.8,18.15,30.75
-13.35,17.4,32.1
-13.35,17.4,32.1
-13.95,15.6,31.8
-13.95,15.6,31.8
-15.6,15,32.25
-15.6,15,32.25
-20.25,8.7,33
-20.25,8.7,33
-20.25,8.7,33
-20.25,8.7,33
-25.35,16.2,28.8
-25.35,16.2,28.8
-25.5,21.6,28.65
-25.5,21.6,28.65
-27.75,21.15,28.95
-27.75,21.15,28.95
-27,18.9,29.25
-27,18.9,29.25
-27.9,22.8,29.1
-27.9,22.8,29.1
-27.9,22.8,29.1
-27.9,22.8,29.1
-26.1,16.5,30.6
-26.1,16.5,30.6
-27,16.65,31.8
-27,16.65,31.8
-27.6,12,31.95
-27.6,12,31.95
-27.3,11.85,31.35
-27.3,11.85,31.35
-27.15,15.45,31.65
-27.15,15.45,31.65
-27.15,15.45,31.65
-27.15,15.45,31.65
-26.4,18.75,31.95
-26.4,18.75,31.95
-27.15,15,30.15
-27.15,15,30.15
-25.8,13.95,31.95
-25.8,13.95,31.95
-25.5,9.6,32.1
-25.5,9.6,32.1
-28.05,6.3,34.2
-28.05,6.3,34.2
-28.05,6.3,34.2
-28.05,6.3,34.2
-28.2,10.5,32.7
-28.2,10.5,32.7
-29.1,9.3,32.85
-29.1,9.3,32.85
-31.65,4.35,34.2
-31.65,4.35,34.2
-33.15,2.55,36.75
-33.15,2.55,36.75
-34.2,8.1,31.8
-34.2,8.1,31.8
-34.2,8.1,31.8
-34.2,8.1,31.8
-34.35,8.25,33.3
-34.35,8.25,33.3
-36,2.85,34.2
-36,2.85,34.2
-37.8,-1.05,31.35
-37.8,-1.05,31.35
-38.4,-4.2,32.7
-38.4,-4.2,32.7
-37.8,-7.05,31.8
-37.8,-7.05,31.8
-37.8,-7.05,31.8
-37.8,-7.05,31.8
-37.8,-7.05,31.8
-37.8,-7.05,31.8
-38.4,-7.2,31.2
-38.4,-7.2,31.2
-37.5,-8.85,32.1
-37.5,-8.85,32.1
-37.5,-9.3,33.15
-37.5,-9.3,33.15
-36,-10.8,32.55
-36,-10.8,32.55
-36,-10.8,32.55
-36,-10.8,32.55
-35.7,-11.55,32.85
-35.7,-11.55,32.85
-37.95,-13.2,30.9
-37.95,-13.2,30.9
-36.45,-14.1,33.15
-36.45,-14.1,33.15
-34.8,-14.25,31.95
-34.8,-14.25,31.95
-36.15,-14.25,32.7
-36.15,-14.25,32.7
-36.15,-14.25,32.7
-36.15,-14.25,32.7
-36.15,-14.25,32.7
-36.15,-14.25,32.7
-33.45,-19.65,31.8
-33.45,-19.65,31.8
-32.55,-25.05,30.6
-32.55,-25.05,30.6
-26.1,-23.25,31.65
-26.1,-23.25,31.65
-24.15,-25.95,31.35
-24.15,-25.95,31.35
-24.15,-25.95,31.35
-24.15,-25.95,31.35
-24.15,-25.95,31.35
-24.15,-25.95,31.35
-22.35,-22.35,33.6
-22.35,-22.35,33.6
-21,-24.3,32.7
-21,-24.3,32.7
-18.75,-25.2,32.1
-18.75,-25.2,32.1
-19.2,-19.05,34.05
-19.2,-19.05,34.05
-19.35,-21.15,33.9
-19.35,-21.15,33.9
-19.35,-21.15,33.9
-19.35,-21.15,33.9
-15.15,-26.7,30
-15.15,-26.7,30
-12.45,-22.05,30.15
-12.45,-22.05,30.15
-10.5,-25.8,30.9
-10.5,-25.8,30.9
-9.15,-28.05,30.15
-9.15,-28.05,30.15
-7.65,-21.3,31.95
-7.65,-21.3,31.95
-7.65,-21.3,31.95
-7.65,-21.3,31.95
-1.95,-16.2,30.9
-1.95,-16.2,30.9
-0.15,-15,31.65
-0.15,-15,31.65
0.6,-17.4,31.05
0.6,-17.4,31.05
-1.35,-20.4,30.75
-1.35,-20.4,30.75
-1.35,-20.4,30.75
-1.35,-20.4,30.75
-1.35,-20.4,30.75
-1.35,-20.4,30.75
2.85,-19.65,28.2
2.85,-19.65,28.2
4.95,-17.85,29.7
4.95,-17.85,29.7
8.4,-9.75,29.85
8.4,-9.75,29.85
7.65,-4.95,31.2
7.65,-4.95,31.2
7.65,-4.95,31.2
7.65,-4.95,31.2
7.65,-4.95,31.2
7.65,-4.95,31.2
7.65,3.45,28.8
7.65,3.45,28.8
6.45,4.05,28.95
6.45,4.05,28.95
6.75,1.8,31.05
6.75,1.8,31.05
6.9,3.45,30.6
6.9,3.45,30.6
6.9,3.45,30.6
6.9,3.45,30.6
4.65,7.8,32.1
4.65,7.8,32.1
2.85,9.3,30.75
2.85,9.3,30.75
4.2,11.1,31.05
4.2,11.1,31.05
2.1,11.55,30.75
2.1,11.55,30.75
0,17.4,30
0,17.4,30
0,17.4,30
0,17.4,30
-2.4,15.9,32.1
-2.4,15.9,32.1
-5.85,19.05,30.9
-5.85,19.05,30.9
-8.7,24.3,30.9
-8.7,24.3,30.9
-10.2,23.55,29.85
-10.2,23.55,29.85
-10.05,23.85,30
-10.05,23.85,30
-10.05,23.85,30
-10.05,23.85,30
-0.6,6.3,33.6
-0.6,6.3,33.6
5.55,3.15,33
5.55,3.15,33
6.9,6,31.65
6.9,6,31.65
7.5,4.35,30.3
7.5,4.35,30.3
8.7,1.65,30.15
8.7,1.65,30.15
8.7,1.65,30.15
8.7,1.65,30.15
11.7,-1.65,29.55
11.7,-1.65,29.55
11.1,-9.6,27.9
11.1,-9.6,27.9
11.55,-14.4,27.15
11.55,-14.4,27.15
11.55,-15.15,28.95
11.55,-15.15,28.95
9.9,-23.55,27.3
9.9,-23.55,27.3
9.9,-23.55,27.3
9.9,-23.55,27.3
-0.9,-19.05,29.85
-0.9,-19.05,29.85
-5.55,-21,29.85
-5.55,-21,29.85
-5.55,-21.3,31.95
-5.55,-21.3,31.95
-6.75,-26.4,30
-6.75,-26.4,30
-10.95,-18,31.95
-10.95,-18,31.95
-10.95,-18,31.95
-10.95,-18,31.95
-10.35,-12.15,33.6
-10.35,-12.15,33.6
-9.6,-8.85,34.2
-9.6,-8.85,34.2
-10.2,-12,34.05
-10.2,-12,34.05
-20.55,-30.9,28.65
-20.55,-30.9,28.65
-30.6,-33.9,25.8
-30.6,-33.9,25.8
-30.6,-33.9,25.8
-30.6,-33.9,25.8
-39.6,-36,20.4
-39.6,-36,20.4
-40.95,-35.1,21.75
-40.95,-35.1,21.75
-42.9,-30.9,22.2
-42.9,-30.9,22.2
-45.6,-28.5,22.8
-45.6,-28.5,22.8
-48.3,-23.85,23.25
-48.3,-23.85,23.25
-48.3,-23.85,23.25
-48.3,-23.85,23.25
-49.2,-11.7,26.7
-49.2,-11.7,26.7
-46.5,-7.35,28.95
-46.5,-7.35,28.95
-45,-2.55,28.65
-45,-2.55,28.65
-43.35,3.15,29.55
-43.35,3.15,29.55
-42.9,8.1,27.9
-42.9,8.1,27.9
-42.9,8.1,27.9
-42.9,8.1,27.9
-41.1,-4.8,29.7
-41.1,-4.8,29.7
-36.75,-5.85,30.3
-36.75,-5.85,30.3
-29.85,-7.05,32.55
-29.85,-7.05,32.55
-20.7,-7.2,33.3
-20.7,-7.2,33.3
-13.05,-6.45,33.75
-13.05,-6.45,33.75
-13.05,-6.45,33.75
-13.05,-6.45,33.75
13.95,-2.85,27.15
13.95,-2.85,27.15
23.4,-5.55,20.4
23.4,-5.55,20.4
32.25,-5.7,12.15
32.25,-5.7,12.15
36.45,-5.55,5.55
36.45,-5.55,5.55
42.3,-5.7,-1.8
42.3,-5.7,-1.8
42.3,-5.7,-1.8
42.3,-5.7,-1.8
46.35,1.2,-15.3
46.35,1.2,-15.3
45.75,6.6,-17.25
45.75,6.6,-17.25
45.15,6.45,-15.3
45.15,6.45,-15.3
44.7,5.1,-11.25
44.7,5.1,-11.25
44.85,1.2,-10.35
44.85,1.2,-10.35
44.85,1.2,-10.35
44.85,1.2,-10.35
42.3,-9.75,-5.7
42.3,-9.75,-5.7
41.4,-15.15,-6.3
41.4,-15.15,-6.3
40.5,-21.3,-7.95
40.5,-21.3,-7.95
40.05,-26.4,-8.4
40.05,-26.4,-8.4
39.15,-33.3,-13.2
39.15,-33.3,-13.2
39.15,-33.3,-13.2
39.15,-33.3,-13.2
35.85,-41.55,-34.5
35.85,-41.55,-34.5
34.95,-43.2,-31.8
34.95,-43.2,-31.8
34.05,-42.15,-31.95
34.05,-42.15,-31.95
34.95,-40.95,-32.1
34.95,-40.95,-32.1
32.7,-43.2,-31.35
32.7,-43.2,-31.35
32.7,-43.2,-31.35
32.7,-43.2,-31.35
32.7,-43.2,-31.35
32.7,-43.2,-31.35
32.1,-45,-31.8
32.1,-45,-31.8
31.8,-46.35,-32.25
31.8,-46.35,-32.25
34.65,-43.2,-32.55
34.65,-43.2,-32.55
34.8,-38.85,-35.1
34.8,-38.85,-35.1
34.8,-38.85,-35.1
34.8,-38.85,-35.1
34.8,-38.85,-35.1
34.8,-38.85,-35.1
37.65,-36.3,-37.65
37.65,-36.3,-37.65
37.65,-34.8,-38.7
37.65,-34.8,-38.7
37.8,-34.95,-40.2
37.8,-34.95,-40.2
38.7,-33.6,-39.45
38.7,-33.6,-39.45
38.4,-35.85,-38.25
38.4,-35.85,-38.25
38.4,-35.85,-38.25
38.4,-35.85,-38.25
36.15,-39.3,-42.15
36.15,-39.3,-42.15
32.1,-45.45,-38.85
31.35,-45,-38.85
31.35,-45,-38.85
29.85,-48.3,-38.1
29.85,-48.3,-38.1
28.95,-48.15,-34.5
28.95,-48.15,-34.5
28.95,-48.15,-34.5
28.95,-48.15,-34.5
24.6,-53.1,-35.85
24.6,-53.1,-35.85
23.7,-53.25,-36
23.7,-53.25,-36
22.5,-54.45,-38.7
22.5,-54.45,-38.7
23.4,-53.25,-39.9
23.4,-53.25,-39.9
24.6,-50.85,-39.45
24.6,-50.85,-39.45
24.6,-50.85,-39.45
24.6,-50.85,-39.45
28.05,-50.25,-36.75
28.05,-50.25,-36.75
28.95,-48.15,-36.9
28.95,-48.15,-36.9
28.65,-47.85,-38.25
28.65,-47.85,-38.25
32.1,-46.2,-38.1
32.1,-46.2,-38.1
32.7,-41.25,-41.4
32.7,-41.25,-41.4
32.7,-41.25,-41.4
32.7,-41.25,-41.4
35.85,-36.3,-46.5
35.85,-36.3,-46.5
35.85,-34.35,-48.3
35.85,-34.35,-48.3
39.6,-29.4,-48.45
39.6,-29.4,-48.45
41.1,-28.2,-44.85
41.1,-28.2,-44.85
40.95,-27.75,-41.55
40.95,-27.75,-41.55
40.95,-27.75,-41.55
40.95,-27.75,-41.55
42.45,-24.9,-42
42.45,-24.9,-42
42,-24.3,-42.9
42,-24.3,-42.9
43.35,-25.5,-42.6
43.35,-25.5,-42.6
43.05,-25.8,-44.7
43.05,-25.8,-44.7
41.85,-26.7,-49.5
41.85,-26.7,-49.5
41.85,-26.7,-49.5
41.85,-26.7,-49.5
41.85,-26.7,-49.5
41.85,-26.7,-49.5
40.65,-28.95,-50.85
40.65,-28.95,-50.85
39.15,-30.6,-52.5
39.15,-30.6,-52.5
37.95,-29.25,-58.5
37.95,-29.25,-58.5
38.25,-25.2,-59.4
38.25,-25.2,-59.4
39.75,-24,-58.8
39.75,-24,-58.8
39.75,-24,-58.8
39.75,-24,-58.8
43.2,-18.6,-55.5
43.2,-18.6,-55.5
44.85,-16.95,-50.4
44.85,-16.95,-50.4
47.25,-17.4,-49.8
47.25,-17.4,-49.8
46.65,-19.8,-48.3
46.65,-19.8,-48.3
47.25,-21.6,-48
47.25,-21.6,-48
47.25,-21.6,-48
47.25,-21.6,-48
45.9,-27,-41.55
45.9,-27,-41.55
46.5,-27.9,-43.5
46.5,-27.9,-43.5
47.25,-28.65,-42.75
47.25,-28.65,-42.75
46.35,-27.3,-41.85
46.35,-27.3,-41.85
47.25,-28.65,-40.65
47.25,-28.65,-40.65
47.25,-28.65,-40.65
47.25,-28.65,-40.65
45.45,-29.7,-39.9
45.45,-29.7,-39.9
43.8,-30.6,-40.5
43.8,-30.6,-40.5
43.05,-30.6,-41.1
43.05,-30.6,-41.1
40.65,-32.7,-42.75
40.65,-32.7,-42.75
40.95,-32.85,-45.75
40.95,-32.85,-45.75
40.95,-32.85,-45.75
40.95,-32.85,-45.75
40.35,-34.2,-44.85
40.35,-34.2,-44.85
40.35,-34.2,-46.65
40.35,-34.2,-46.65
40.05,-32.7,-46.35
40.05,-32.7,-46.35
40.5,-34.05,-45.45
40.5,-34.05,-45.45
39.75,-34.35,-43.95
39.75,-34.35,-43.95
39.75,-34.35,-43.95
39.75,-34.35,-43.95
37.8,-34.65,-46.35
37.8,-34.65,-46.35
38.55,-35.4,-47.4
38.55,-35.4,-47.4
38.55,-34.95,-47.4
38.55,-34.95,-47.4
36.6,-35.1,-46.5
36.6,-35.1,-46.5
35.85,-36.6,-46.8
35.85,-36.6,-46.8
35.85,-36.6,-46.8
35.85,-36.6,-46.8
35.1,-37.35,-47.1
35.1,-37.35,-47.1
36.15,-37.35,-47.1
36.15,-37.35,-47.1
34.35,-39.3,-48.3
34.35,-39.3,-48.3
31.65,-42,-46.95
31.65,-42,-46.95
31.35,-41.7,-49.05
31.35,-41.7,-49.05
31.35,-41.7,-49.05
31.35,-41.7,-49.05
32.7,-40.95,-48
32.7,-40.95,-48
33.9,-39,-48
33.9,-39,-48
31.65,-39,-47.4
31.65,-39,-47.4
35.1,-37.8,-48.9
35.1,-37.8,-48.9
34.35,-36.3,-47.1
34.35,-36.3,-47.1
34.35,-36.3,-47.1
34.35,-36.3,-47.1
34.65,-36.45,-46.35
34.65,-36.45,-46.35
35.7,-34.2,-45.6
35.7,-34.2,-45.6
38.85,-31.2,-47.7
38.85,-31.2,-47.7
39.3,-28.65,-46.65
39.3,-28.65,-46.65
39.6,-28.65,-45.6
39.6,-28.65,-45.6
39.6,-28.65,-45.6
39.6,-28.65,-45.6
40.2,-29.55,-42.15
40.2,-29.55,-42.15
39.6,-29.7,-39.9
39.6,-29.7,-39.9
40.65,-28.65,-39.9
40.65,-28.65,-39.9
40.65,-29.7,-40.2
40.65,-29.7,-40.2
41.55,-28.05,-39.75
41.55,-28.05,-39.75
41.55,-28.05,-39.75
41.55,-28.05,-39.75
41.1,-25.65,-38.1
41.1,-25.65,-38.1
42.45,-24.45,-38.55
42.45,-24.45,-38.55
41.85,-24.45,-38.55
41.85,-24.45,-38.55
42.45,-24.45,-38.55
42.45,-24.45,-38.55
40.05,-29.4,-40.2
40.05,-29.4,-40.2
40.05,-29.4,-40.2
40.05,-29.4,-40.2
36.15,-35.55,-47.1
36.15,-35.55,-47.1
34.35,-38.1,-46.05
34.35,-38.1,-46.05
32.25,-39.3,-46.5
32.25,-39.3,-46.5
31.2,-41.1,-46.8
31.2,-41.1,-46.8
30.9,-43.2,-46.95
30.9,-43.2,-46.95
30.9,-43.2,-46.95
30.9,-43.2,-46.95
30.9,-43.2,-46.95
30.9,-43.2,-46.95
29.7,-45.9,-45
29.7,-45.9,-45
30.45,-44.1,-45.45
30.45,-44.1,-45.45
30.75,-45.15,-43.95
30.75,-45.15,-43.95
31.65,-45,-43.5
31.65,-45,-43.5
31.65,-45,-43.5
31.65,-45,-43.5
31.65,-45,-43.5
31.65,-45,-43.5
32.1,-42,-48
32.1,-42,-48
34.8,-39.6,-47.55
34.8,-39.6,-47.55
32.25,-41.85,-46.5
32.25,-41.85,-46.5
32.25,-44.1,-46.5
32.25,-44.1,-46.5
32.25,-44.4,-45
32.25,-44.4,-45
32.25,-44.4,-45
32.25,-44.4,-45
30.75,-44.1,-44.4
30.75,-44.1,-44.4
33,-45.15,-43.95
33,-45.15,-43.95
34.05,-45.6,-40.5
34.05,-45.6,-40.5
35.25,-44.7,-38.85
35.25,-44.7,-38.85
35.55,-43.65,-36.15
35.55,-43.65,-36.15
35.55,-43.65,-36.15
35.55,-43.65,-36.15
41.4,-36.75,-33.9
41.4,-36.75,-33.9
43.8,-33.3,-34.5
43.8,-33.3,-34.5
45.15,-29.25,-30.9
45.15,-29.25,-30.9
48.6,-27.15,-30.75
48.6,-27.15,-30.75
49.05,-24.45,-30.3
49.05,-24.45,-30.3
49.05,-24.45,-30.3
49.05,-24.45,-30.3
52.2,-14.4,-39.15
52.2,-14.4,-39.15
52.65,-15.15,-40.95
52.65,-15.15,-40.95
52.2,-13.35,-42.75
52.2,-13.35,-42.75
51.75,-12,-43.35
51.75,-12,-43.35
52.5,-10.5,-43.95
52.5,-10.5,-43.95
52.5,-10.5,-43.95
52.5,-10.5,-43.95
38.4,-32.55,-60.3
38.4,-32.55,-60.3
23.7,-49.8,-62.25
23.7,-49.8,-62.25
20.7,-50.1,-62.1
20.7,-50.1,-62.1
21.6,-50.25,-60.15
21.6,-50.25,-60.15
21.9,-50.55,-60.15
21.9,-50.55,-60.15
21.9,-50.55,-60.15
21.9,-50.55,-60.15
22.8,-52.35,-58.2
22.8,-52.35,-58.2
22.5,-51.15,-56.7
22.5,-51.15,-56.7
23.1,-51.75,-55.2
23.1,-51.75,-55.2
21.75,-52.65,-54.3
21.75,-52.65,-54.3
22.05,-52.65,-52.8
22.05,-52.65,-52.8
22.05,-52.65,-52.8
22.05,-52.65,-52.8
22.05,-52.65,-52.8
22.05,-52.65,-52.8
20.7,-55.65,-43.95
20.7,-55.65,-43.95
20.55,-54.75,-44.55
20.55,-54.75,-44.55
21.15,-55.05,-40.65
21.15,-55.05,-40.65
23.1,-54,-36
23.1,-54,-36
21.75,-53.4,-34.5
21.75,-53.4,-34.5
21.75,-53.4,-34.5
21.75,-53.4,-34.5
25.35,-51.9,-27
25.35,-51.9,-27
25.35,-52.35,-24.9
25.35,-52.35,-24.9
25.5,-49.5,-22.95
25.5,-49.5,-22.95
28.5,-45,-17.55
28.5,-45,-17.55
30.75,-44.4,-14.55
30.75,-44.4,-14.55
30.75,-44.4,-14.55
30.75,-44.4,-14.55
31.5,-41.55,-10.05
31.5,-41.55,-10.05
32.1,-37.95,-9.45
32.1,-37.95,-9.45
33.9,-33.15,-7.05
33.9,-33.15,-7.05
36.6,-31.8,-7.95
36.6,-31.8,-7.95
37.65,-28.5,-6.45
37.65,-28.5,-6.45
37.65,-28.5,-6.45
37.65,-28.5,-6.45
37.65,-28.5,-6.45
37.65,-28.5,-6.45
40.05,-14.1,-4.2
40.05,-14.1,-4.2
41.55,-10.2,-7.95
41.55,-10.2,-7.95
44.85,1.95,-10.35
44.85,1.95,-10.35
44.7,7.8,-14.4
44.7,7.8,-14.4
40.95,16.2,-8.25
40.95,16.2,-8.25
40.95,16.2,-8.25
40.95,16.2,-8.25
35.1,27,-5.4
35.1,27,-5.4
25.8,34.35,-0.45
25.8,34.35,-0.45
16.65,38.55,7.95
16.65,38.55,7.95
12.15,42,6
12.15,42,6
11.1,43.95,6
11.1,43.95,6
11.1,43.95,6
11.1,43.95,6
-0.3,45.75,10.2
-0.3,45.75,10.2
-3.15,42,14.85
-3.15,42,14.85
-26.25,5.1,32.55
-26.25,5.1,32.55
-32.4,17.4,29.7
-32.4,17.4,29.7
-32.7,14.85,30.3
-32.7,14.85,30.3
-32.7,14.85,30.3
-32.7,14.85,30.3
-21.6,21.9,29.7
-21.6,21.9,29.7
-20.1,23.4,28.2
-20.1,23.4,28.2
-18.15,26.55,26.25
-18.15,26.55,26.25
-16.2,31.95,24.75
-16.2,31.95,24.75
-15.75,34.95,24.3
-15.75,34.95,24.3
-15.75,34.95,24.3
-15.75,34.95,24.3
-9.15,41.85,16.8
-9.15,41.85,16.8
0.3,43.2,12.6
0.3,43.2,12.6
6.6,45.15,6.9
6.6,45.15,6.9
12,46.35,1.2
12,46.35,1.2
19.05,47.7,-9.15
19.05,47.7,-9.15
19.05,47.7,-9.15
19.05,47.7,-9.15
19.05,47.7,-9.15
19.05,47.7,-9.15
16.35,52.65,-17.1
16.35,52.65,-17.1
19.65,53.4,-19.2
19.65,53.4,-19.2
13.35,56.25,-28.95
13.35,56.25,-28.95
14.25,55.65,-24.15
14.25,55.65,-24.15
14.25,55.65,-24.15
14.25,55.65,-24.15
14.25,55.65,-24.15
14.25,55.65,-24.15
14.7,56.25,-14.4
14.7,56.25,-14.4
18.9,51.6,-15
18.9,51.6,-15
28.8,39.45,-11.55
28.8,39.45,-11.55
30.3,41.25,-15.45
30.3,41.25,-15.45
30.3,41.25,-15.45
30.3,41.25,-15.45
30.3,41.25,-15.45
30.3,41.25,-15.45
21.75,50.85,-21.3
21.75,50.85,-21.3
8.4,59.7,-22.05
8.4,59.7,-22.05
-0.3,64.05,-43.8
-0.3,64.05,-43.8
-1.8,61.35,-51.9
-1.8,61.35,-51.9
-7.35,57.9,-64.8
-7.35,57.9,-64.8
-7.35,57.9,-64.8
-7.35,57.9,-64.8
-17.25,58.05,-63.6
-17.25,58.05,-63.6
-22.5,55.65,-70.5
-22.5,55.65,-70.5
-21.15,49.05,-78.9
-21.15,49.05,-78.9
-20.1,51,-78.9
-20.1,51,-78.9
-22.65,50.55,-75.6
-22.65,50.55,-75.6
-22.65,50.55,-75.6
-22.65,50.55,-75.6
-29.4,63.15,-53.85
-29.4,63.15,-53.85
-27.75,66.6,-44.85
-27.75,66.6,-44.85
-27.15,64.65,-40.05
-27.15,64.65,-40.05
-30,65.7,-30.6
-30,65.7,-30.6
-27.75,66.6,-22.65
-27.75,66.6,-22.65
-27.75,66.6,-22.65
-27.75,66.6,-22.65
-28.5,66.6,-16.2
-28.5,66.6,-16.2
-24.45,66.3,-15.45
-24.45,66.3,-15.45
-21.75,66.75,-16.05
-21.75,66.75,-16.05
-23.1,68.85,-21.15
-23.1,68.85,-21.15
-23.7,69.3,-24.75
-23.7,69.3,-24.75
-21.15,69.3,-23.25
-21.15,69.3,-23.25
-21.15,69.3,-23.25
-21.15,69.3,-23.25
-28.8,67.8,-21.9
-28.8,67.8,-21.9
-19.8,69.3,-22.95
-19.8,69.3,-22.95
-17.25,67.8,-20.85
-17.25,67.8,-20.85
-17.4,67.95,-19.95
-17.4,67.95,-19.95
-20.1,66.6,-13.8
-20.1,66.6,-13.8
-20.1,66.6,-13.8
-20.1,66.6,-13.8
-12.15,64.8,-10.2
-12.15,64.8,-10.2
-12,65.4,-10.65
-12,65.4,-10.65
-3.9,64.35,-15.15
-3.9,64.35,-15.15
1.2,65.7,-18.9
1.2,65.7,-18.9
5.55,62.7,-21
5.55,62.7,-21
5.55,62.7,-21
5.55,62.7,-21
21.15,55.5,-18.3
21.15,55.5,-18.3
23.25,54.9,-21.75
23.25,54.9,-21.75
24.9,54.75,-22.2
24.9,54.75,-22.2
24.6,53.1,-24.9
24.6,53.1,-24.9
24.3,55.2,-28.8
24.3,55.2,-28.8
24.3,55.2,-28.8
24.3,55.2,-28.8
24.3,55.2,-28.8
24.3,55.2,-28.8
20.55,55.8,-32.1
20.55,55.8,-32.1
22.05,57.15,-25.2
22.05,57.15,-25.2
24.15,52.8,-28.95
24.15,52.8,-28.95
23.55,53.7,-34.05
23.55,53.7,-34.05
21.15,55.05,-35.25
21.15,55.05,-35.25
21.15,55.05,-35.25
21.15,55.05,-35.25
19.8,57.3,-35.25
19.8,57.3,-35.25
17.25,53.25,-48.45
17.25,53.25,-48.45
15.75,55.5,-51.3
15.75,55.5,-51.3
12.9,56.25,-49.5
12.9,56.25,-49.5
11.25,56.7,-47.55
11.25,56.7,-47.55
11.25,56.7,-47.55
11.25,56.7,-47.55
6.6,58.65,-53.25
6.6,58.65,-53.25
0,59.55,-57.3
0,59.55,-57.3
-1.5,58.65,-61.35
-1.5,58.65,-61.35
-6.45,58.8,-64.35
-6.45,58.8,-64.35
-9.15,56.4,-67.65
-9.15,56.4,-67.65
-9.15,56.4,-67.65
-9.15,56.4,-67.65
-9,55.5,-71.4
-9,55.5,-71.4
-4.8,53.7,-73.35
-4.8,53.7,-73.35
-1.2,54.15,-72.3
-1.2,54.15,-72.3
-4.5,57.15,-67.65
-4.5,57.15,-67.65
-7.8,60.3,-64.35
-7.8,60.3,-64.35
-7.8,60.3,-64.35
-7.8,60.3,-64.35
-7.35,63.15,-58.2
-7.35,63.15,-58.2
-12.9,67.05,-54.75
-12.9,67.05,-54.75
-20.25,68.7,-45.45
-20.25,68.7,-45.45
-20.7,69.75,-44.4
-20.7,69.75,-44.4
-23.4,69.3,-36.45
-23.4,69.3,-36.45
-23.4,69.3,-36.45
-23.4,69.3,-36.45
-21.6,70.05,-33.6
-21.6,70.05,-33.6
-25.05,69.75,-33.75
-25.05,69.75,-33.75
-27.15,69.75,-32.7
-27.15,69.75,-32.7
-26.7,71.55,-29.25
-26.7,71.55,-29.25
-23.25,70.95,-23.1
-23.25,70.95,-23.1
-23.25,70.95,-23.1
-23.25,70.95,-23.1
-22.5,70.2,-27.75
-22.5,70.2,-27.75
-23.4,71.55,-23.25
-23.4,71.55,-23.25
-24.3,70.95,-22.8
-24.3,70.95,-22.8
-23.55,70.95,-21.75
-23.55,70.95,-21.75
-26.7,69.6,-24
-26.7,69.6,-24
-26.7,69.6,-24
-26.7,69.6,-24
-30.3,70.05,-34.95
-30.3,70.05,-34.95
-31.35,69.3,-38.85
-31.35,69.3,-38.85
-35.25,69.3,-41.7
-35.25,69.3,-41.7
-36.6,66,-47.85
-36.6,66,-47.85
-42,63.45,-54.3
-42,63.45,-54.3
-42,63.45,-54.3
-42,63.45,-54.3
-42,63.45,-54.3
-42,63.45,-54.3
-32.7,66.3,-54.45
-32.7,66.3,-54.45
-34.2,65.1,-51.3
-34.2,65.1,-51.3
-30.6,65.85,-52.35
-30.6,65.85,-52.35
-30,65.4,-53.25
-30,65.4,-53.25
-21.75,66,-53.55
-21.75,66,-53.55
-21.75,66,-53.55
-21.75,66,-53.55
1.8,62.1,-52.35
1.8,62.1,-52.35
18,58.8,-39.6
18,58.8,-39.6
23.55,55.2,-38.25
23.55,55.2,-38.25
23.55,53.1,-34.05
23.55,53.1,-34.05
24.9,52.8,-31.05
24.9,52.8,-31.05
24.9,52.8,-31.05
24.9,52.8,-31.05
18.9,54.45,-24.9
18.9,54.45,-24.9
20.25,55.65,-19.95
20.25,55.65,-19.95
21.15,52.5,-12.6
21.15,52.5,-12.6
19.05,51,-6.3
19.05,51,-6.3
19.05,51,-6.3
19.05,51,-6.3
19.05,51,-6.3
19.05,51,-6.3
21.6,44.25,2.4
21.6,44.25,2.4
24.3,44.4,-0.15
24.3,44.4,-0.15
22.5,46.65,-4.05
22.5,46.65,-4.05
20.7,46.65,-1.2
20.7,46.65,-1.2
20.7,46.65,-1.2
20.7,46.65,-1.2
9,57.75,-5.55
9,57.75,-5.55
6.75,58.05,-4.2
6.75,58.05,-4.2
3.15,55.8,3.75
3.15,55.8,3.75
2.7,56.7,5.7
2.7,56.7,5.7
3.3,55.65,6.15
3.3,55.65,6.15
3.3,55.65,6.15
3.3,55.65,6.15
7.8,49.05,10.5
7.8,49.05,10.5
7.35,47.4,12.9
7.35,47.4,12.9
8.25,51.75,9.15
8.25,51.75,9.15
9.6,52.5,6
9.6,52.5,6
4.65,57,2.7
4.65,57,2.7
4.65,57,2.7
4.65,57,2.7
-4.8,66.45,-7.5
-4.8,66.45,-7.5
-9,64.35,-2.4
-9,64.35,-2.4
-10.5,60.45,4.65
-10.5,60.45,4.65
-20.55,64.8,-1.65
-20.55,64.8,-1.65
-30.6,67.35,-7.65
-30.6,67.35,-7.65
-30.6,67.35,-7.65
-30.6,67.35,-7.65
-33.9,68.1,-9.9
-33.9,68.1,-9.9
-35.85,68.7,-16.8
-35.85,68.7,-16.8
-37.5,69.3,-26.4
-37.5,69.3,-26.4
-36.9,69,-29.85
-36.9,69,-29.85
-36.9,69.45,-31.2
-36.9,69.45,-31.2
-36.9,69.45,-31.2
-36.9,69.45,-31.2
-36.9,69.45,-31.2
-36.9,69.45,-31.2
-32.55,66.75,-36.6
-32.55,66.75,-36.6
-31.2,69,-39.45
-31.2,69,-39.45
-33.45,68.85,-42.45
-33.45,68.85,-42.45
-35.25,64.35,-47.4
-35.25,64.35,-47.4
-35.25,64.35,-47.4
-35.25,64.35,-47.4
-35.25,64.35,-47.4
-35.25,64.35,-47.4
-28.65,60.9,-57.15
-28.65,60.9,-57.15
-25.8,60.9,-58.5
-25.8,60.9,-58.5
-27.6,63.45,-58.8
-27.6,63.45,-58.8
-22.65,63.6,-56.85
-22.65,63.6,-56.85
-22.65,63.6,-56.85
-22.65,63.6,-56.85
-22.65,63.6,-56.85
-22.65,63.6,-56.85
-20.25,63.45,-56.7
-20.25,63.45,-56.7
-20.7,63.9,-56.4
-20.7,63.9,-56.4
-21.9,64.35,-55.8
-21.9,64.35,-55.8
-17.25,63.3,-57.6
-17.25,63.3,-57.6
-13.95,63.3,-55.8
-13.95,63.3,-55.8
-13.95,63.3,-55.8
-13.95,63.3,-55.8
-17.85,64.2,-56.4
-17.85,64.2,-56.4
-15.15,62.1,-56.55
-15.15,62.1,-56.55
-12.45,63.9,-57.15
-12.45,63.9,-57.15
-11.7,67.2,-48.6
-11.7,67.2,-48.6
-11.7,67.2,-48.6
-11.7,67.2,-48.6
-11.7,67.2,-48.6
-11.7,67.2,-48.6
-9.15,66.75,-39
-9.15,66.75,-39
-5.55,66,-41.1
-5.55,66,-41.1
-0.6,66.6,-36.75
-0.6,66.6,-36.75
0.6,66.6,-30.3
0.6,66.6,-30.3
0.15,65.4,-23.4
0.15,65.4,-23.4
0.15,65.4,-23.4
0.15,65.4,-23.4
0.45,66.75,-28.8
0.45,66.75,-28.8
1.05,64.05,-39.6
1.05,64.05,-39.6
0.45,63.9,-46.8
0.45,63.9,-46.8
-1.8,65.55,-45.9
-1.8,65.55,-45.9
-3.75,65.7,-51
-3.75,65.7,-51
-3.75,65.7,-51
-3.75,65.7,-51
-10.5,64.65,-54.3
-10.5,64.65,-54.3
-13.95,62.85,-59.4
-13.95,62.85,-59.4
-16.2,60.3,-64.65
-16.2,60.3,-64.65
-16.95,55.8,-72.45
-16.95,55.8,-72.45
-23.25,51.6,-75.9
-23.25,51.6,-75.9
-23.25,51.6,-75.9
-23.25,51.6,-75.9
-29.1,47.7,-79.2
-29.1,47.7,-79.2
-29.55,48.3,-79.2
-29.55,48.3,-79.2
-30,49.65,-77.25
-30,49.65,-77.25
-34.05,48.6,-76.95
-34.05,48.6,-76.95
-34.8,50.1,-77.25
-34.8,50.1,-77.25
-24.9,59.85,-67.5
-24.9,59.85,-67.5
-24.9,59.85,-67.5
-24.9,59.85,-67.5
-12.75,70.2,-48.6
-12.75,70.2,-48.6
-7.2,70.05,-46.35
-7.2,70.05,-46.35
-6.45,70.8,-37.05
-6.45,70.8,-37.05
1.8,68.1,-19.8
1.8,68.1,-19.8
-0.45,68.25,-22.35
-0.45,68.25,-22.35
-0.45,68.25,-22.35
-0.45,68.25,-22.35
3.15,67.05,-18
3.15,67.05,-18
6.3,65.4,-12.15
6.3,65.4,-12.15
12.9,61.05,-8.4
12.9,61.05,-8.4
18.45,52.65,-0.45
18.45,52.65,-0.45
30,40.8,4.05
30,40.8,4.05
30,40.8,4.05
30,40.8,4.05
39.75,25.05,-1.5
39.75,25.05,-1.5
39.75,32.85,-12.45
39.75,32.85,-12.45
40.35,28.65,-4.95
40.35,28.65,-4.95
32.4,20.1,11.55
32.4,20.1,11.55
26.1,7.5,24.45
26.1,7.5,24.45
26.1,7.5,24.45
26.1,7.5,24.45
26.1,7.5,24.45
26.1,7.5,24.45
34.05,-3.45,16.05
34.05,-3.45,16.05
39.75,-1.95,9.6
39.75,-1.95,9.6
44.85,-0.9,3.6
44.85,-0.9,3.6
45,-1.05,-2.7
45,-1.05,-2.7
47.7,0.15,-8.25
47.7,0.15,-8.25
47.7,0.15,-8.25
47.7,0.15,-8.25
51,0.9,-25.2
51,0.9,-25.2
50.1,-0.3,-19.35
50.1,-0.3,-19.35
49.5,1.2,-18.45
49.5,1.2,-18.45
45.15,-9,-7.95
45.15,-9,-7.95
39.45,-7.2,7.2
39.45,-7.2,7.2
39.45,-7.2,7.2
39.45,-7.2,7.2
2.85,-32.4,28.95
2.85,-32.4,28.95
-9.45,-45.6,24.9
-9.45,-45.6,24.9
-22.65,-58.05,8.7
-22.65,-58.05,8.7
-28.05,-59.85,6
-28.05,-59.85,6
-34.35,-64.2,-2.25
-34.35,-64.2,-2.25
-34.35,-64.2,-2.25
-34.35,-64.2,-2.25
-38.7,-67.2,-15
-38.7,-67.2,-15
-36.9,-69.45,-19.2
-36.9,-69.45,-19.2
-34.8,-67.2,-11.4
-34.8,-67.2,-11.4
-35.85,-59.4,4.05
-35.85,-59.4,4.05
-34.2,-53.55,13.05
-34.2,-53.55,13.05
-34.2,-53.55,13.05
-34.2,-53.55,13.05
-31.5,-17.7,35.1
-31.5,-17.7,35.1
-25.95,-1.05,37.5
-25.95,-1.05,37.5
-17.4,21,34.8
-17.4,21,34.8
-8.7,37.35,26.25
-8.7,37.35,26.25
4.05,47.85,12.45
4.05,47.85,12.45
4.05,47.85,12.45
4.05,47.85,12.45
24.6,49.35,-3.6
24.6,49.35,-3.6
28.95,44.85,-4.35
28.95,44.85,-4.35
34.05,44.85,-15
34.05,44.85,-15
35.55,41.85,-16.05
35.55,41.85,-16.05
38.25,39,-14.4
38.25,39,-14.4
38.25,39,-14.4
38.25,39,-14.4
38.25,39,-14.4
38.25,39,-14.4
49.5,18.75,-35.55
49.5,18.75,-35.55
51,9.45,-43.65
51,9.45,-43.65
51,2.4,-48.9
51,2.4,-48.9
51.6,-4.05,-46.95
51.6,-4.05,-46.95
52.5,-2.4,-40.8
52.5,-2.4,-40.8
52.5,-2.4,-40.8
52.5,-2.4,-40.8
51.15,5.1,-22.95
51.15,5.1,-22.95
50.7,2.7,-29.55
50.7,2.7,-29.55
51.9,4.05,-28.95
51.9,4.05,-28.95
51.75,8.25,-31.95
51.75,8.25,-31.95
50.1,10.8,-40.65
50.1,10.8,-40.65
50.1,10.8,-40.65
50.1,10.8,-40.65
45.15,-2.7,-60.3
45.15,-2.7,-60.3
44.25,-17.1,-61.5
44.25,-17.1,-61.5
41.55,-31.35,-53.85
41.55,-31.35,-53.85
37.35,-41.55,-49.65
37.35,-41.55,-49.65
32.55,-48.6,-45.45
32.55,-48.6,-45.45
32.55,-48.6,-45.45
32.55,-48.6,-45.45
32.55,-48.6,-45.45
32.55,-48.6,-45.45
14.4,-60.6,-10.95
14.4,-60.6,-10.95
14.25,-59.7,-6.45
14.25,-59.7,-6.45
10.2,-57.45,-0.75
10.2,-57.45,-0.75
1.05,-55.05,10.2
1.05,-55.05,10.2
-0.15,-51.15,15
-0.15,-51.15,15
-0.15,-51.15,15
-0.15,-51.15,15
7.2,-39.75,21.9
7.2,-39.75,21.9
14.4,-33.15,21.45
14.4,-33.15,21.45
12.75,-35.85,20.25
12.75,-35.85,20.25
16.2,-34.65,17.25
16.2,-34.65,17.25
19.35,-26.7,19.05
19.35,-26.7,19.05
19.35,-26.7,19.05
19.35,-26.7,19.05
23.7,-19.35,20.85
23.7,-19.35,20.85
28.65,-8.7,18.9
28.65,-8.7,18.9
36,-2.1,11.25
36,-2.1,11.25
39.75,-1.65,6.45
39.75,-1.65,6.45
45.45,0.3,-7.05
45.45,0.3,-7.05
45.45,0.3,-7.05
45.45,0.3,-7.05
46.65,-22.5,-24.15
46.65,-22.5,-24.15
45.75,-33.9,-34.95
45.75,-33.9,-34.95
31.2,-43.65,-64.5
31.2,-43.65,-64.5
30.75,-32.85,-75.45
30.75,-32.85,-75.45
34.65,-21.9,-78.45
34.65,-21.9,-78.45
34.65,-21.9,-78.45
34.65,-21.9,-78.45
34.65,-21.9,-78.45
34.65,-21.9,-78.45
35.1,12,-80.4
35.1,12,-80.4
34.2,17.1,-80.55
34.2,17.1,-80.55
27.9,17.25,-85.8
27.9,17.25,-85.8
21.45,13.5,-88.95
21.45,13.5,-88.95
17.85,16.95,-90.75
17.85,16.95,-90.75
17.85,16.95,-90.75
17.85,16.95,-90.75
9.45,36.6,-85.8
9.45,36.6,-85.8
12,51.6,-68.1
12,51.6,-68.1
7.35,59.7,-59.55
7.35,59.7,-59.55
5.7,65.1,-48.45
5.7,65.1,-48.45
5.7,65.1,-48.45
5.7,65.1,-48.45
5.7,65.1,-48.45
5.7,65.1,-48.45
15.45,59.55,-6
15.45,59.55,-6
13.5,58.2,-2.25
13.5,58.2,-2.25
12.75,60.45,-4.35
12.75,60.45,-4.35
7.65,61.2,-1.5
7.65,61.2,-1.5
4.8,51.9,14.25
4.8,51.9,14.25
4.8,51.9,14.25
4.8,51.9,14.25
10.2,33.3,28.35
10.2,33.3,28.35
9,23.4,33.6
9,23.4,33.6
5.85,19.5,34.5
5.85,19.5,34.5
8.1,21,33.3
8.1,21,33.3
15.15,27.15,27.6
15.15,27.15,27.6
15.15,27.15,27.6
15.15,27.15,27.6
15.15,27.15,27.6
15.15,27.15,27.6
28.2,42.6,6.15
28.2,42.6,6.15
32.25,49.35,-12.9
32.25,49.35,-12.9
35.1,50.1,-24.9
35.1,50.1,-24.9
37.05,48.3,-41.7
37.05,48.3,-41.7
37.05,48.3,-41.7
37.05,48.3,-41.7
37.05,48.3,-41.7
37.05,48.3,-41.7
16.05,-12.75,-94.95
16.05,-12.75,-94.95
10.2,-34.35,-89.25
10.2,-34.35,-89.25
-1.8,-53.25,-80.25
-1.8,-53.25,-80.25
-14.25,-66,-66.3
-14.25,-66,-66.3
-14.25,-66,-66.3
-14.25,-66,-66.3
-14.25,-66,-66.3
-14.25,-66,-66.3
-26.85,-72.75,-16.35
-26.85,-72.75,-16.35
-23.7,-70.35,-10.2
-23.7,-70.35,-10.2
-16.35,-69,-7.95
-16.35,-69,-7.95
-13.5,-68.7,-8.25
-13.5,-68.7,-8.25
-13.5,-68.7,-8.25
-13.5,-68.7,-8.25
-13.5,-68.7,-8.25
-13.5,-68.7,-8.25
-4.65,-70.05,-25.05
-4.65,-70.05,-25.05
0.45,-68.7,-25.95
0.45,-68.7,-25.95
10.8,-65.1,-26.4
10.8,-65.1,-26.4
16.2,-59.85,-19.35
16.2,-59.85,-19.35
18.15,-54.9,-6.15
18.15,-54.9,-6.15
18.15,-54.9,-6.15
18.15,-54.9,-6.15
17.85,-47.4,6.9
17.85,-47.4,6.9
17.85,-47.4,4.05
17.85,-47.4,4.05
21,-50.4,0.75
21,-50.4,0.75
28.95,-46.65,-4.65
28.95,-46.65,-4.65
33.6,-42.6,-8.55
33.6,-42.6,-8.55
33.6,-42.6,-8.55
33.6,-42.6,-8.55
32.1,-46.2,-10.5
32.1,-46.2,-10.5
30.75,-46.35,-9.6
30.75,-46.35,-9.6
28.05,-45.75,-4.2
28.05,-45.75,-4.2
17.25,-49.05,4.2
17.25,-49.05,4.2
9.15,-56.7,1.2
9.15,-56.7,1.2
9.15,-56.7,1.2
9.15,-56.7,1.2
4.8,-57.45,4.65
4.8,-57.45,4.65
0.9,-57.15,6.15
0.9,-57.15,6.15
-2.1,-55.8,10.2
-2.1,-55.8,10.2
-5.1,-53.4,13.95
-5.1,-53.4,13.95
-6,-52.05,12
-6,-52.05,12
-6,-52.05,12
-6,-52.05,12
-18.3,-56.25,9.9
-18.3,-56.25,9.9
-19.95,-55.65,11.85
-19.95,-55.65,11.85
-23.1,-56.25,13.05
-23.1,-56.25,13.05
-24,-53.1,16.05
-24,-53.1,16.05
-24.15,-48.75,18.3
-24.15,-48.75,18.3
-24.15,-48.75,18.3
-24.15,-48.75,18.3
-25.5,-41.25,25.8
-25.5,-41.25,25.8
-28.05,-39,24.3
-28.05,-39,24.3
-31.35,-49.5,16.2
-31.35,-49.5,16.2
-32.7,-63.6,-7.05
-32.7,-63.6,-7.05
-32.7,-63.6,-7.05
-32.7,-63.6,-7.05
-32.7,-63.6,-7.05
-32.7,-63.6,-7.05
-42.9,-58.05,-1.35
-42.9,-58.05,-1.35
-47.7,-49.35,6.45
-47.7,-49.35,6.45
-52.2,-39,15.15
-52.2,-39,15.15
-47.1,-29.85,22.35
-47.1,-29.85,22.35
-50.1,-31.95,20.1
-50.1,-31.95,20.1
-40.2,11.7,30.6
-40.2,11.7,30.6
-29.7,32.55,24.9
-29.7,32.55,24.9
-29.7,32.55,24.9
-29.7,32.55,24.9
-19.8,32.4,22.2
-19.8,32.4,22.2
-17.25,42.75,16.2
-17.25,42.75,16.2
-6,54,2.4
-6,54,2.4
4.8,60.45,-23.4
4.8,60.45,-23.4
9.6,58.5,-50.55
9.6,58.5,-50.55
9.6,58.5,-50.55
9.6,58.5,-50.55
9.6,58.5,-50.55
9.6,58.5,-50.55
31.5,16.5,-80.4
31.5,16.5,-80.4
33.6,11.25,-79.05
33.6,11.25,-79.05
50.25,6.45,-35.85
50.25,6.45,-35.85
51.6,1.35,-38.55
51.6,1.35,-38.55
51.75,5.4,-39.75
51.75,5.4,-39.75
51.75,5.4,-39.75
51.75,5.4,-39.75
50.7,4.2,-42.9
50.7,4.2,-42.9
50.7,-1.2,-48.9
50.7,-1.2,-48.9
49.95,-11.7,-39.75
49.95,-11.7,-39.75
49.2,-13.2,-33
49.2,-13.2,-33
49.2,-13.2,-33
49.2,-13.2,-33
49.2,-13.2,-33
49.2,-13.2,-33
49.2,0.15,-26.25
49.2,0.15,-26.25
50.1,5.55,-36.45
50.1,5.55,-36.45
49.95,3.15,-44.4
49.95,3.15,-44.4
50.85,-3.6,-43.5
50.85,-3.6,-43.5
49.95,-14.7,-42.15
49.95,-14.7,-42.15
49.95,-14.7,-42.15
49.95,-14.7,-42.15
44.7,-34.65,-31.8
44.7,-34.65,-31.8
40.5,-41.85,-23.1
40.5,-41.85,-23.1
37.5,-40.95,-15.15
37.5,-40.95,-15.15
37.8,-39.45,-8.4
37.8,-39.45,-8.4
37.35,-36.6,-5.7
37.35,-36.6,-5.7
37.35,-36.6,-5.7
37.35,-36.6,-5.7
44.1,-36.6,-37.65
44.1,-36.6,-37.65
43.2,-31.2,-46.95
43.2,-31.2,-46.95
48,-1.05,-52.35
48,-1.05,-52.35
50.1,14.1,-49.5
50.1,14.1,-49.5
47.1,22.8,-41.1
47.1,22.8,-41.1
47.1,22.8,-41.1
47.1,22.8,-41.1
49.2,23.55,-31.95
49.2,23.55,-31.95
45.45,28.65,-27.9
45.45,28.65,-27.9
40.2,35.85,-14.25
40.2,35.85,-14.25
38.4,31.8,-10.65
38.4,31.8,-10.65
36,33.9,-7.05
36,33.9,-7.05
36,33.9,-7.05
36,33.9,-7.05
32.7,35.4,1.35
32.7,35.4,1.35
30,34.8,0.45
30,34.8,0.45
25.5,27.15,13.35
25.5,27.15,13.35
20.7,12,24.45
20.7,12,24.45
18.75,-1.8,25.05
18.75,-1.8,25.05
18.75,-1.8,25.05
18.75,-1.8,25.05
19.05,-32.7,18
19.05,-32.7,18
13.05,-44.85,13.95
13.05,-44.85,13.95
6,-55.8,4.95
6,-55.8,4.95
-1.05,-62.1,-4.95
-1.05,-62.1,-4.95
-9,-64.35,-8.4
-9,-64.35,-8.4
-9,-64.35,-8.4
-9,-64.35,-8.4
-25.2,-61.35,-0.6
-25.2,-61.35,-0.6
-37.95,-63.9,-9
-37.95,-63.9,-9
-45.75,-62.85,-21.9
-45.75,-62.85,-21.9
-52.5,-60.45,-39.45
-52.5,-60.45,-39.45
-55.8,-54.75,-51.9
-55.8,-54.75,-51.9
-55.8,-54.75,-51.9
-55.8,-54.75,-51.9
-55.8,-54.75,-51.9
-55.8,-54.75,-51.9
-61.8,-41.1,-66
-61.8,-41.1,-66
-62.55,-37.35,-69.45
-62.55,-37.35,-69.45
-62.55,-33.3,-73.65
-62.55,-33.3,-73.65
-61.5,-28.05,-78.3
-61.5,-28.05,-78.3
-64.5,-18.15,-83.85
-64.5,-18.15,-83.85
-64.5,-18.15,-83.85
-64.5,-18.15,-83.85
-45.45,20.4,-97.2
-45.45,20.4,-97.2
-26.4,33.3,-99.15
-26.4,33.3,-99.15
-14.4,44.7,-91.95
-14.4,44.7,-91.95
-6.3,56.4,-79.05
-6.3,56.4,-79.05
3.15,63.3,-62.85
3.15,63.3,-62.85
3.15,63.3,-62.85
3.15,63.3,-62.85
3.15,63.3,-62.85
3.15,63.3,-62.85
18.15,60.9,-27.3
18.15,60.9,-27.3
23.4,54.75,-25.05
23.4,54.75,-25.05
25.35,53.1,-20.25
25.35,53.1,-20.25
25.5,45,-5.25
25.5,45,-5.25
31.2,32.85,2.25
31.2,32.85,2.25
31.2,32.85,2.25
31.2,32.85,2.25
32.55,27,3
32.55,27,3
34.8,30.3,2.55
34.8,30.3,2.55
37.05,40.5,-28.2
37.05,40.5,-28.2
1.05,42.75,-85.5
1.05,42.75,-85.5
-35.25,5.55,-101.1
-35.25,5.55,-101.1
-35.25,5.55,-101.1
-35.25,5.55,-101.1
-35.25,5.55,-101.1
-35.25,5.55,-101.1
-65.25,-35.4,-75.3
-65.25,-35.4,-75.3
-67.65,-55.2,-37.95
-67.65,-55.2,-37.95
-63.3,-50.85,-1.8
-63.3,-50.85,-1.8
-61.65,-27.45,15.9
-61.65,-27.45,15.9
-54.6,0.9,25.65
-54.6,0.9,25.65
-54.6,0.9,25.65
-54.6,0.9,25.65
-36.9,19.05,31.2
-36.9,19.05,31.2
-25.35,29.55,27.3
-25.35,29.55,27.3
-16.35,36.3,21.75
-16.35,36.3,21.75
-6.75,43.95,15.15
-6.75,43.95,15.15
3.3,46.65,7.95
3.3,46.65,7.95
3.3,46.65,7.95
3.3,46.65,7.95
3.3,46.65,7.95
3.3,46.65,7.95
24.45,50.55,-22.2
24.45,50.55,-22.2
31.65,42.75,-40.65
31.65,42.75,-40.65
35.85,32.55,-53.25
35.85,32.55,-53.25
40.05,19.65,-60.75
40.05,19.65,-60.75
40.05,19.65,-60.75
40.05,19.65,-60.75
40.05,19.65,-60.75
40.05,19.65,-60.75
40.35,-9.3,-67.5
40.35,-9.3,-67.5
39.75,-13.95,-70.2
39.75,-13.95,-70.2
33.9,-17.1,-72.9
33.9,-17.1,-72.9
30.9,-17.1,-77.85
30.9,-17.1,-77.85
23.4,-27.9,-80.25
23.4,-27.9,-80.25
23.4,-27.9,-80.25
23.4,-27.9,-80.25
23.4,-27.9,-80.25
23.4,-27.9,-80.25
0,-68.85,-27.15
0,-68.85,-27.15
-1.8,-69.6,-19.35
-1.8,-69.6,-19.35
-0.3,-67.8,-11.55
-0.3,-67.8,-11.55
2.1,-68.1,-17.55
2.1,-68.1,-17.55
12.75,-63.45,-20.25
12.75,-63.45,-20.25
12.75,-63.45,-20.25
12.75,-63.45,-20.25
12.75,-63.45,-20.25
12.75,-63.45,-20.25
21.6,-56.25,-8.4
21.6,-56.25,-8.4
23.1,-54.3,-8.7
23.1,-54.3,-8.7
25.5,-52.05,-9.15
25.5,-52.05,-9.15
27.3,-51.3,-8.7
27.3,-51.3,-8.7
24,-55.95,-13.5
24,-55.95,-13.5
24,-55.95,-13.5
24,-55.95,-13.5
17.1,-61.2,-42.15
17.1,-61.2,-42.15
15.3,-54.45,-62.4
15.3,-54.45,-62.4
24,-47.85,-64.5
24,-47.85,-64.5
31.2,-37.05,-67.35
31.2,-37.05,-67.35
37.35,-22.5,-68.7
37.35,-22.5,-68.7
37.35,-22.5,-68.7
37.35,-22.5,-68.7
37.35,-22.5,-68.7
37.35,-22.5,-68.7
47.55,19.65,-34.95
47.55,19.65,-34.95
41.55,31.8,-21.75
41.55,31.8,-21.75
30.9,45.75,-15.15
30.9,45.75,-15.15
25.95,46.2,-4.5
25.95,46.2,-4.5
14.55,53.7,-0.45
14.55,53.7,-0.45
14.55,53.7,-0.45
14.55,53.7,-0.45
-20.85,42,24.3
-20.85,42,24.3
-42.75,29.55,29.1
-42.75,29.55,29.1
-58.95,23.25,22.8
-58.95,23.25,22.8
-66.15,19.05,17.1
-66.15,19.05,17.1
-77.7,16.95,1.8
-77.7,16.95,1.8
-85.8,2.1,-13.05
-85.8,2.1,-13.05
-85.8,2.1,-13.05
-85.8,2.1,-13.05
-86.55,20.1,-34.65
-86.55,20.1,-34.65
-82.95,28.65,-40.95
-82.95,28.65,-40.95
-81.9,24.45,-50.85
-81.9,24.45,-50.85
-80.55,21,-58.2
-80.55,21,-58.2
-82.05,15.45,-61.35
-82.05,15.45,-61.35
-82.05,15.45,-61.35
-82.05,15.45,-61.35
-84.6,21.75,-45.45
-84.6,21.75,-45.45
-82.05,22.8,-49.95
-82.05,22.8,-49.95
-84.45,20.85,-50.85
-84.45,20.85,-50.85
-82.95,2.1,-62.55
-82.95,2.1,-62.55
-73.95,-10.05,-74.25
-73.95,-10.05,-74.25
-73.95,-10.05,-74.25
-73.95,-10.05,-74.25
-73.95,-10.05,-74.25
-73.95,-10.05,-74.25
-22.8,33.3,-96
-22.8,33.3,-96
-9.45,29.85,-96.3
-9.45,29.85,-96.3
-3.15,20.4,-96.15
-3.15,20.4,-96.15
6,12.6,-97.2
6,12.6,-97.2
6,12.6,-97.2
6,12.6,-97.2
6,12.6,-97.2
6,12.6,-97.2
24.45,-2.85,-87.75
24.45,-2.85,-87.75
27,-8.85,-88.05
27,-8.85,-88.05
30,1.2,-87.45
30,1.2,-87.45
39.45,7.2,-75.15
39.45,7.2,-75.15
47.7,0.9,-60.6
47.7,0.9,-60.6
47.7,0.9,-60.6
47.7,0.9,-60.6
49.05,-23.85,-30.3
49.05,-23.85,-30.3
46.2,-27.9,-20.85
46.2,-27.9,-20.85
43.95,-30.45,-16.5
43.95,-30.45,-16.5
41.1,-33.45,-12
41.1,-33.45,-12
35.25,-34.65,-2.1
35.25,-34.65,-2.1
35.25,-34.65,-2.1
35.25,-34.65,-2.1
35.25,-34.65,-2.1
35.25,-34.65,-2.1
0,-42,19.8
0,-42,19.8
5.1,-43.35,17.85
5.1,-43.35,17.85
25.35,-31.8,12.9
25.35,-31.8,12.9
41.55,-26.25,-7.5
41.55,-26.25,-7.5
48.45,-24.75,-30.9
48.45,-24.75,-30.9
48.45,-24.75,-30.9
24,-48.15,-67.05
24,-48.15,-67.05
9.9,-53.4,-72.3
9.9,-53.4,-72.3
-14.55,-64.2,-69.15
-14.55,-64.2,-69.15
-30.45,-66.75,-62.4
-56.1,-61.95,-49.65
-56.1,-61.95,-49.65
-72.3,-45.9,-49.95
-72.3,-45.9,-49.95
-72.3,-45.9,-49.95
-72.3,-45.9,-49.95
-84.6,-24,-36.15
-84.6,-24,-36.15
-84.9,-10.5,-16.8
-84.9,-10.5,-16.8
-80.55,5.7,-0.75
-80.55,5.7,-0.75
-80.55,5.7,-0.75
-74.7,14.85,6.6
-74.7,14.85,6.6
-60.45,22.05,18.45
-60.45,22.05,18.45
-60.45,22.05,18.45
-60.45,22.05,18.45
-60.45,22.05,18.45
-60.45,22.05,18.45
-35.55,7.2,33
-35.55,7.2,33
-17.4,-20.25,31.65
-17.4,-20.25,31.65
-8.4,-36.3,23.85
-8.4,-36.3,23.85
5.1,-38.1,15
5.1,-38.1,15
18.15,-37.8,10.65
18.15,-37.8,10.65
18.15,-37.8,10.65
18.15,-37.8,10.65
22.35,-37.2,9.15
22.35,-37.2,9.15
23.25,-32.55,11.4
23.25,-32.55,11.4
21,-26.25,18.15
21,-26.25,18.15
6.75,-9.6,30.75
6.75,-9.6,30.75
-13.65,-16.35,34.2
-13.65,-16.35,34.2
-18.45,-13.95,36.15
-18.45,-13.95,36.15
-18.45,-13.95,36.15
-18.45,-13.95,36.15
-34.95,-5.55,36
-34.95,-5.55,36
-57.15,-4.2,25.2
-57.15,-4.2,25.2
-69.3,-4.8,15.15
-69.3,-4.8,15.15
-72.9,-5.1,10.2
-72.9,-5.1,10.2
-77.7,-7.95,5.1
-77.7,-7.95,5.1
-77.7,-7.95,5.1
-77.7,-7.95,5.1
-77.7,-7.95,5.1
-77.7,-7.95,5.1
-86.25,21.15,-37.8
-86.25,21.15,-37.8
-66.15,31.35,-82.5
-66.15,31.35,-82.5
-9,32.7,-105.45
-9,32.7,-105.45
26.4,28.05,-93.6
26.4,28.05,-93.6
24.15,31.2,-94.35
24.15,31.2,-94.35
24.15,31.2,-94.35
24.15,31.2,-94.35
24.15,31.2,-94.35
24.15,31.2,-94.35
24,32.1,-94.65
24,32.1,-94.65
21.75,32.1,-93.6
21.75,32.1,-93.6
23.4,33.15,-94.05
23.4,33.15,-94.05
23.7,30.9,-93.75
23.7,30.9,-93.75
24.15,30.9,-93.75
24.15,30.9,-93.75
24.15,30.9,-93.75
24.15,30.9,-93.75
24.3,31.8,-93.15
24.3,31.8,-93.15
24.9,31.2,-93.75
24.9,31.2,-93.75
25.95,31.95,-93.3
25.95,31.95,-93.3
24,31.05,-92.85
24,31.05,-92.85
24.6,31.35,-93.15
24.6,31.35,-93.15
24.15,31.65,-92.7
24.15,31.65,-92.7
24.15,31.65,-92.7
24.15,31.65,-92.7
24.15,31.65,-92.7
24.15,31.65,-92.7
23.7,31.95,-93.3
23.7,31.95,-93.3
23.7,32.4,-93.3
23.7,32.4,-93.3
24.3,31.8,-93.9
24.3,31.8,-93.9
24.6,31.8,-93.6
24.6,31.8,-93.6
25.5,31.65,-92.7
25.5,31.65,-92.7
25.5,31.65,-92.7
25.5,31.65,-92.7
