0,-2.1,-2.85
0,-2.1,-3.3
0,-2.1,-3.3
0,-2.1,-3.3
0.01,-2.1,-3.3
0,-2.1,-3.3
0,-3.15,-2.55
0.01,-3.15,-2.55
0,-3,-2.7
0,-3,-2.7
0.01,-3,-2.7
0,-2.4,-2.85
0,-2.4,-2.85
0,-3.15,-3.6
0.01,-3.15,-3.6
0,-3.15,-3.6
0,-3.15,-3.3
0.01,-3.15,-3.3
0,-2.7,-1.95
0,-2.7,-1.95
0.01,-2.7,-1.95
0,-2.7,-1.95
0,-2.7,-1.95
0,-2.7,-1.95
0,-2.7,-1.95
0,-4.2,-2.55
0,-4.2,-2.55
0,-4.2,-2.55
0,-3.75,-2.4
0,-3.75,-2.4
0,-3.75,-2.4
0,-3,-4.95
0,-3,-4.95
0,-2.85,-3.6
0,-2.85,-3.6
0,-2.85,-3.6
0.01,-4.05,-2.7
0,-4.05,-2.7
0,-4.05,-2.7
0,-4.05,-2.7
0,-4.05,-2.7
0,-4.05,-2.7
0,-4.05,-2.7
0,-3.75,-3.15
0,-3.75,-3.15
0,-2.7,-3.45
0,-2.7,-3.45
0,-2.7,-3.45
0.01,-1.95,-4.65
0,-1.95,-4.65
0.01,-1.95,-4.65
0.01,-3.15,-2.55
0,-3.15,-2.55
0.01,-2.85,-3.3
0,-2.85,-3.3
0,-2.85,-3.3
0.01,-2.85,-3.3
0,-2.85,-3.3
0,-2.85,-3.3
0,-2.85,-3.3
0,-3,-1.2
0.01,-3,-1.2
0,-3,-1.2
0.01,-2.85,-1.8
0,-2.85,-1.8
0,-3.15,-2.55
0.01,-3.15,-2.55
0,-3.15,-2.55
0,-3.15,-2.55
0,-3.15,-2.55
0,-2.85,-3.3
0,-2.85,-3.3
0.01,-2.85,-3.3
0,-2.85,-3.3
0,-2.85,-3.3
0,-2.85,-3.3
0,-2.85,-3.3
0.01,-3.75,-2.7
0,-3.75,-2.7
0,-3.75,-2.7
0.01,-3.6,-2.1
0,-3.6,-2.1
0,-3.6,-4.35
0,-3.6,-4.35
0,-3.6,-4.35
0.01,-3.6,-1.35
0.33,-3.6,-1.35
-0.06,-2.85,-1.05
-0.33,-2.85,-1.05
0.24,-2.85,-1.05
-0.32,-2.85,-1.05
-0.14,-2.85,-1.05
0.11,-2.85,-1.05
0.44,-2.85,-1.05
0.25,-2.85,-1.05
-0.16,-5.1,-5.4
-0.61,-5.1,-5.4
0.74,-6.45,-7.35
0.68,-6.45,-7.35
0.03,-6.45,-7.35
-0.75,-6.75,-8.1
-0.62,-6.75,-8.1
-0.36,-11.55,-16.35
0.42,-11.55,-16.35
0.14,-11.55,-16.35
0.53,-12,-17.7
0.28,-12,-17.7
0.37,-12,-17.7
0.28,-12,-17.7
0.18,-12,-17.7
-0.25,-12,-17.7
-0.08,-12,-17.7
0.01,-28.8,-27.45
0.16,-28.8,-27.45
0.32,-28.8,-27.45
0.25,-28.95,-28.05
0.23,-28.95,-28.05
0.2,-32.7,-29.7
-0.03,-32.7,-29.7
0.04,-32.7,-29.7
-0.03,-31.2,-29.25
0.05,-31.2,-29.25
0.11,-31.8,-31.05
0.08,-31.8,-31.05
0.06,-31.8,-31.05
0.03,-31.8,-31.05
-0.03,-31.8,-31.05
0.02,-31.8,-31.05
0.01,-31.8,-31.05
0.01,-31.8,-31.05
0.01,-32.4,-30.45
-0.2,-32.4,-30.45
-0.22,-33.45,-31.65
0.09,-33.45,-31.65
0.82,-33.45,-31.65
1.49,-38.25,-32.7
1.4,-38.25,-32.7
1.07,-42,-38.1
0.99,-42,-38.1
0.8,-42,-38.1
0.4,-40.95,-41.55
0.37,-40.95,-41.55
0.11,-40.95,-41.55
0.32,-40.95,-41.55
0.12,-40.95,-41.55
0.46,-43.05,-45.15
0.66,-43.05,-45.15
0.46,-41.4,-47.25
0.46,-41.4,-47.25
0.63,-41.4,-47.25
0.68,-38.25,-47.25
0.47,-38.25,-47.25
0.22,-33.3,-46.35
0.2,-33.3,-46.35
0.58,-33.3,-46.35
0.83,-27.15,-44.4
0.86,-27.15,-44.4
0.97,-18.9,-45.15
1.22,-18.9,-45.15
1.16,-18.9,-45.15
0.71,-18.9,-45.15
0.59,-18.9,-45.15
0.78,-2.1,-39
0.86,-2.1,-39
0.96,3.75,-35.55
1.03,3.75,-35.55
0.82,3.75,-35.55
0.29,12.45,-30.3
0.02,12.45,-30.3
0.15,14.25,-28.5
0.56,14.25,-28.5
1.05,14.25,-28.5
0.95,17.55,-20.4
0.61,17.55,-20.4
1.03,17.55,-20.4
0.7,17.55,-20.4
0.96,17.55,-20.4
1.22,17.55,-20.4
2.04,17.55,-20.4
2.03,28.5,2.85
2.32,28.5,2.85
2.59,28.5,2.85
2.73,28.95,12.75
2.19,28.95,12.75
2.07,24.3,23.25
1.84,24.3,23.25
1.38,24.3,23.25
1.12,22.5,29.25
2.76,22.5,29.25
-0.23,20.1,36.45
-1.28,20.1,36.45
0.09,20.1,36.45
0.54,20.1,36.45
0.92,20.1,36.45
2.74,19.95,32.85
2.23,19.95,32.85
1.55,19.95,32.85
1.07,18,41.7
0.06,18,41.7
-0.12,15.75,42.75
-0.9,15.75,42.75
-1.09,15.75,42.75
-1.37,19.05,36.75
-1.17,19.05,36.75
-0.95,20.25,29.25
-1.31,20.25,29.25
-1.09,21.6,20.1
-1.22,21.6,20.1
-2.63,21.6,20.1
-1.93,21.6,20.1
-1.45,21.6,20.1
-2.12,15.6,-4.95
-2,15.6,-4.95
-1.35,15.6,-4.95
-1.12,8.25,-15.15
-1.66,8.25,-15.15
-0.84,3.3,-24.3
-0.84,3.3,-24.3
-0.63,3.3,-24.3
-0.53,-4.05,-27.3
-0.02,-4.05,-27.3
0.55,-9.9,-32.55
-0.39,-9.9,-32.55
-0.71,-9.9,-32.55
0.33,-14.85,-37.8
0.35,-14.85,-37.8
0.59,-14.85,-37.8
0.12,-14.85,-37.8
0.67,-14.85,-37.8
0.83,-20.25,-45.9
0.24,-20.25,-45.9
0.01,-21,-45.6
0.35,-21,-45.6
0.66,-21,-45.6
0.75,-20.25,-50.1
1,-20.25,-50.1
1.45,-17.25,-47.7
0.93,-17.25,-47.7
0.84,-17.25,-47.7
0.68,-13.5,-48.9
0.01,-13.5,-48.9
0.17,-11.25,-47.4
0.2,-11.25,-47.4
0.01,-11.25,-47.4
0.21,-11.25,-47.4
0.41,-11.25,-47.4
0.49,-7.2,-46.5
0.75,-7.2,-46.5
0.49,-7.2,-46.5
0.31,-4.5,-45.6
0.48,-4.5,-45.6
0.27,0.3,-42.75
0.47,0.3,-42.75
0.24,0.3,-42.75
0.46,4.95,-41.25
0.71,4.95,-41.25
0.78,8.7,-38.1
0.81,8.7,-38.1
0.65,8.7,-38.1
0.66,13.5,-33.6
0.59,13.5,-33.6
0.63,13.5,-33.6
0.73,13.5,-33.6
0.69,13.5,-33.6
0.24,13.5,-33.6
0.78,13.5,-33.6
0.84,25.2,-24.45
0.19,25.2,-24.45
0.22,25.2,-24.45
0.51,24.9,-24.9
0.75,24.9,-24.9
0.93,24.9,-24.9
0.2,27.75,-18.6
0.4,27.75,-18.6
1.28,28.65,-18.75
1.38,28.65,-18.75
1.42,28.65,-18.75
1.16,30.3,-11.1
1.67,30.3,-11.1
1.42,30.3,-11.1
1.68,30.3,-11.1
1.55,30.3,-11.1
0.94,30.3,-11.1
0.82,30.3,-11.1
1.01,30.45,8.25
1.17,30.45,8.25
0.68,30.6,13.65
0.82,30.6,13.65
1.15,30.6,13.65
1.3,29.1,19.65
1.16,29.1,19.65
1.06,25.95,28.65
0.64,25.95,28.65
1.36,25.95,28.65
1.45,23.25,31.8
1.1,23.25,31.8
1.36,23.25,31.8
0.26,23.25,31.8
0.15,23.25,31.8
0.78,23.25,31.8
0.16,23.25,31.8
-0.72,19.05,42
-0.67,19.05,42
-1.13,19.05,42
-1.4,22.35,37.2
-1.58,22.35,37.2
-2.19,27.3,31.65
-1.78,27.3,31.65
-1.89,27.3,31.65
-1.91,29.85,23.1
-1.63,29.85,23.1
-1.72,32.4,13.35
-1.51,32.4,13.35
-1.6,32.4,13.35
-1.91,34.05,3.45
-2.54,34.05,3.45
-2.68,34.05,3.45
-1.57,34.05,3.45
-1.33,34.05,3.45
-1.11,25.95,-16.35
-1.11,25.95,-16.35
-0.87,19.65,-23.55
-0.91,19.65,-23.55
-0.82,19.65,-23.55
-0.96,13.5,-29.85
-0.38,13.5,-29.85
-0.53,8.4,-33.6
-0.48,8.4,-33.6
-0.27,8.4,-33.6
-0.21,3.6,-37.95
-0.18,3.6,-37.95
0.6,0,-40.2
0.65,0,-40.2
0.51,0,-40.2
0.65,0,-40.2
0.7,0,-40.2
0.86,2.4,-39.45
0.31,2.4,-39.45
-0.62,2.4,-39.45
-1.61,8.1,-34.8
-2.04,8.1,-34.8
-1.12,5.7,-38.7
-0.17,5.7,-38.7
-0.03,5.7,-38.7
0.22,3.15,-39.75
0.09,3.15,-39.75
1.35,3,-38.85
1.3,3,-38.85
1.41,3,-38.85
-0.22,9.3,-34.65
-0.98,9.3,-34.65
-0.99,9.3,-34.65
-0.54,9.3,-34.65
-0.24,9.3,-34.65
-1.01,9.3,-34.65
-0.96,9.3,-34.65
-0.4,-6,-46.95
-0.36,-6,-46.95
-1.23,-6,-46.95
-1.39,-7.5,-46.5
-0.72,-7.5,-46.5
-0.97,-10.2,-45.15
-1.45,-10.2,-45.15
-1.22,-10.2,-45.15
-0.57,-12.9,-46.2
-1.07,-12.9,-46.2
-0.75,-14.55,-42.9
-0.19,-14.55,-42.9
-0.84,-14.55,-42.9
-1.09,-15.15,-37.95
-1.27,-15.15,-37.95
-1.47,-15.15,-37.95
-1.68,-15.15,-37.95
-2.13,-15.15,-37.95
-1.39,-20.1,-36
-1.56,-20.1,-36
-1.38,-22.8,-35.85
-1,-22.8,-35.85
-1,-22.8,-35.85
-0.85,-21.75,-35.1
-1.05,-21.75,-35.1
-0.53,-23.7,-33.45
-0.54,-23.7,-33.45
-0.78,-23.7,-33.45
-1.03,-22.35,-35.4
-0.91,-22.35,-35.4
-1,-25.2,-38.25
-0.71,-25.2,-38.25
-0.44,-25.2,-38.25
-0.25,-25.5,-37.5
-0.1,-25.5,-37.5
-0.02,-25.5,-37.5
0.42,-25.5,-37.5
-0.5,-25.5,-37.5
0.15,-27,-42
-0.35,-27,-42
-0.83,-28.5,-36.45
-0.87,-28.5,-36.45
-1.02,-28.5,-36.45
-1.14,-30.3,-38.25
-0.84,-30.3,-38.25
-0.3,-29.4,-35.85
-0.74,-29.4,-35.85
-0.64,-29.4,-35.85
-0.1,-27,-36.45
0.42,-27,-36.45
0.28,-21,-40.8
0.67,-21,-40.8
0.67,-21,-40.8
1.95,-14.55,-39.6
1.91,-14.55,-39.6
1.27,-14.55,-39.6
0.61,-14.55,-39.6
0.68,-14.55,-39.6
0.6,-14.55,-39.6
0.42,-14.55,-39.6
0.31,12.6,-23.85
0.57,12.6,-23.85
0.77,19.8,-18.6
0.98,19.8,-18.6
1.99,19.8,-18.6
2.21,25.2,-8.85
1.83,25.2,-8.85
1.01,25.2,-8.85
0.41,31.8,9.75
0.27,31.8,9.75
-0.05,33.9,15.15
0.29,33.9,15.15
0.05,33.9,15.15
0.58,34.8,19.5
0.77,34.8,19.5
0.55,34.8,19.5
0.26,34.8,19.5
0.16,34.8,19.5
0.13,34.8,19.5
0.1,34.8,19.5
-0.06,27.9,20.55
-0.38,27.9,20.55
-0.92,22.65,13.65
-0.41,22.65,13.65
0.03,22.65,13.65
0.27,16.65,10.95
0.03,16.65,10.95
0.35,16.65,10.95
-0.19,11.1,8.85
0.04,11.1,8.85
0.17,7.35,6.75
0.22,7.35,6.75
0.11,7.35,6.75
-0.38,3.6,4.05
-0.77,3.6,4.05
-1.61,4.95,3.6
-1.9,4.95,3.6
-1.67,4.95,3.6
-1.19,4.95,3.6
-1.3,4.95,3.6
-1.22,17.4,14.7
-0.91,17.4,14.7
-0.9,21,18.75
-1.13,21,18.75
-1.45,21,18.75
-1.51,27.3,16.35
-1.27,27.3,16.35
-1.33,27.3,16.35
-1.18,32.7,12.9
-0.55,32.7,12.9
-0.53,34.2,9.3
-1,34.2,9.3
-0.79,33,4.65
-0.88,33,4.65
-0.59,33,4.65
-0.66,32.1,-0.6
-0.24,32.1,-0.6
-0.39,32.1,-0.6
-0.42,32.1,-0.6
-0.29,32.1,-0.6
-0.37,32.1,-0.6
-0.59,32.1,-0.6
-0.77,18.3,-15.6
-0.9,18.3,-15.6
-0.37,18.3,-15.6
0.05,12.6,-19.65
0.02,12.6,-19.65
-0.15,10.95,-19.5
-0.1,10.95,-19.5
-0.4,10.95,-19.5
-0.14,3.75,-27
0.07,3.75,-27
0.57,-1.2,-27.75
0.5,-1.2,-27.75
0.83,-1.2,-27.75
0.84,-9,-25.95
0.71,-9,-25.95
0.64,-9,-25.95
-0.02,-9,-25.95
0.04,-9,-25.95
0.16,-9,-25.95
1.16,-9,-25.95
1.05,-17.1,-28.05
0.6,-17.1,-28.05
0.52,-17.1,-28.05
0.42,-18.3,-37.2
0.51,-18.3,-37.2
0.24,-18.3,-46.2
-0.03,-18.3,-46.2
0.46,-18.3,-46.2
0.43,-21.15,-47.25
-0.67,-21.15,-47.25
-0.57,-22.5,-49.35
-0.25,-22.5,-49.35
-0.25,-22.5,-49.35
-0.23,-24.15,-49.8
-0.28,-24.15,-49.8
0.08,-24.15,-49.8
0.3,-24.15,-49.8
0.31,-24.15,-49.8
0.3,-24.15,-49.8
-0.09,-24.15,-49.8
-0.64,-14.25,-38.1
-0.17,-14.25,-38.1
0.02,-14.25,-38.1
0.26,-11.85,-37.2
0.49,-11.85,-37.2
0.56,-6.45,-32.7
-0.04,-6.45,-32.7
-0.42,-6.45,-32.7
-0.19,-0.45,-32.1
-0.2,-0.45,-32.1
-0.51,4.65,-30.15
-0.61,4.65,-30.15
-0.34,4.65,-30.15
-0.24,6.3,-30.6
-0.21,6.3,-30.6
-0.06,6.3,-30.6
-0.07,6.3,-30.6
-0.05,6.3,-30.6
-0.2,6.3,-30.6
-0.45,6.3,-30.6
-0.75,12.45,-30.3
-0.76,12.45,-30.3
-0.86,12.45,-30.3
-0.9,15.15,-32.4
-0.7,15.15,-32.4
-0.29,13.95,-34.95
-0.25,13.95,-34.95
-0.01,13.95,-34.95
0.07,13.5,-35.85
0.43,13.5,-35.85
-0.4,16.95,-34.2
-0.79,16.95,-34.2
-1.2,16.95,-34.2
-1.15,13.8,-35.85
-0.11,13.8,-35.85
0.06,11.55,-39.45
0.07,11.55,-39.45
0.34,11.55,-39.45
0.57,11.7,-38.55
0.76,11.7,-38.55
1.57,11.7,-38.55
1.33,11.7,-38.55
1.11,11.7,-38.55
1.55,11.7,-38.55
2.23,11.7,-38.55
2.39,12,-24
1.26,12,-24
0.23,12,-24
0.33,4.65,-23.4
-0.13,4.65,-23.4
-0.26,-2.4,-28.95
-0.15,-2.4,-28.95
0.19,-2.4,-28.95
1.03,-11.1,-33.45
1.39,-11.1,-33.45
1.8,-10.2,-38.55
2.18,-10.2,-38.55
1.66,-10.2,-38.55
2.07,-4.05,-38.1
1.32,-4.05,-38.1
1.84,4.8,-35.85
1.85,4.8,-35.85
0.79,11.85,-28.2
0.88,11.85,-28.2
0.74,11.85,-28.2
2.04,11.85,-28.2
1.8,11.85,-28.2
1.85,11.85,-28.2
0.45,11.85,-28.2
0.93,11.85,-28.2
1.81,20.7,-17.7
1.75,20.7,-17.7
1.61,24.9,-8.85
1.51,24.9,-8.85
1.67,24.9,-8.85
3.02,27,-1.35
1.75,27,-1.35
-0.2,31.65,5.55
2.1,31.65,5.55
2.2,31.65,5.55
2.06,32.4,11.55
2.06,32.4,11.55
1.93,30.3,22.35
2.9,30.3,22.35
-0.84,30.3,22.35
2.03,29.4,27.3
1.74,29.4,27.3
0.16,25.2,33.45
0.35,25.2,33.45
1.2,25.2,33.45
0.6,25.2,33.45
0.59,25.2,33.45
-0.49,25.2,33.45
-1.38,25.2,33.45
-0.56,25.2,33.45
-1.12,25.95,34.95
-1.92,25.95,34.95
-2.88,29.1,28.2
-3.43,29.1,28.2
-3.23,29.1,28.2
-2.43,33.45,12.9
-2.43,33.45,12.9
-2.44,32.55,2.4
-2.74,32.55,2.4
-2.74,32.55,2.4
-2.26,28.8,-11.55
-2.52,28.8,-11.55
-2.46,24.9,-21.6
-1.67,24.9,-21.6
-1.37,24.9,-21.6
-2.69,17.1,-29.55
-2.21,17.1,-29.55
-0.64,8.4,-35.85
-1.83,8.4,-35.85
-1.99,8.4,-35.85
-2.6,8.4,-35.85
-1.74,8.4,-35.85
-1.89,8.4,-35.85
-2.26,8.4,-35.85
-2.05,8.4,-35.85
-1.39,-19.95,-45.15
-0.48,-19.95,-45.15
-0.93,-24.3,-45.6
-2.36,-24.3,-45.6
-2.42,-24.3,-45.6
-2.42,-24.3,-45.6
-1.06,-35.25,-41.7
-1.61,-41.55,-43.35
-2.39,-41.55,-43.35
-2.5,-41.55,-43.35
-1.46,-50.7,-37.05
-1.4,-50.7,-37.05
-0.99,-56.4,-32.85
-1.01,-56.4,-32.85
-1.33,-56.4,-32.85
-0.62,-57.9,-28.8
-1.33,-57.9,-28.8
-0.99,-61.8,-22.05
-1.03,-61.8,-22.05
-1.43,-61.8,-22.05
-1.4,-61.8,-22.05
-1.04,-61.8,-22.05
-1.12,-61.8,-22.05
-1.18,-61.8,-22.05
-1.44,-61.8,-22.05
-1.19,-63.6,-6.75
-1.26,-63.6,-6.75
-1.11,-63.6,0.45
-1.54,-63.6,0.45
-1.03,-63.6,0.45
-1.03,-63.6,0.45
-0.66,-63.6,4.95
-0.64,-63.6,10.5
0.01,-63.6,10.5
-1.34,-63.6,10.5
-0.95,-60.75,15
-0.75,-60.75,15
-0.26,-60.6,20.1
-0.78,-60.6,20.1
-1.37,-60.6,20.1
-2.52,-57.75,22.35
-1.21,-57.75,22.35
-0.58,-56.7,29.55
-1.11,-56.7,29.55
-1.05,-56.7,29.55
-0.28,-52.95,32.7
0.16,-52.95,32.7
-0.3,-52.95,32.7
-0.19,-52.95,32.7
-0.84,-52.95,32.7
-1.34,-52.95,32.7
-0.87,-52.95,32.7
-0.01,-45.9,43.65
-1.37,-45.9,43.65
-2.4,-45.9,43.65
-1.72,-38.25,49.05
-2.12,-38.25,49.05
-2.82,-28.05,49.5
-0.95,-28.05,49.5
-1.86,-28.05,49.5
-1.4,-20.7,51.9
-0.79,-20.7,51.9
-0.56,-18.3,50.25
-0.45,-18.3,50.25
-0.23,-18.3,50.25
0.97,-16.2,51.75
2.03,-16.2,51.75
3.01,-21.45,49.35
3.1,-21.45,49.35
2.97,-21.45,49.35
2.54,-32.4,42
3.18,-32.4,42
3.97,-41.55,37.8
3.38,-41.55,37.8
3.4,-41.55,37.8
2.21,-41.55,37.8
0.42,-41.55,37.8
0.41,-41.55,37.8
0.76,-41.55,37.8
0.07,-41.4,39.45
-0.34,-41.4,39.45
-0.12,-41.4,39.45
0.68,-24.9,40.2
-0.02,-24.9,40.2
1.26,-24.9,40.2
0.68,-15.6,45.6
1.46,-15.6,45.6
0.71,-14.55,51.6
0.29,-14.55,51.6
0.8,-14.55,51.6
0.98,-20.1,51
1.08,-20.1,51
1.21,-22.35,51.3
1.32,-22.35,51.3
0.89,-22.35,51.3
1.87,-27.6,50.1
1.15,-27.6,50.1
0.6,-33,50.1
0.48,-33,50.1
0.76,-33,50.1
1.16,-33.9,49.8
0.98,-33.9,49.8
5.44,-33.9,49.8
1.32,-33.9,49.8
1.04,-33.9,49.8
1.74,-33.9,49.8
1.55,-33.9,49.8
1.47,-33.9,49.8
1.98,-33.9,49.8
3.19,-33.9,49.8
3.87,-60.15,34.2
2.63,-60.15,34.2
2.64,-67.8,13.65
2.91,-67.8,13.65
1.33,-67.8,13.65
1.15,-69.45,-1.65
1.7,-69.45,-1.65
2.53,-70.35,-10.8
3.16,-70.35,-10.8
2.49,-70.35,-10.8
1.74,-64.65,-28.5
2,-64.65,-28.5
2.07,-58.95,-34.8
1.43,-58.95,-34.8
1.93,-58.95,-34.8
1.63,-48.9,-38.55
1.56,-48.9,-38.55
0.9,-37.35,-40.8
1.33,-37.35,-40.8
1.23,-37.35,-40.8
1.01,-26.4,-40.35
1.32,-26.4,-40.35
1.53,-21.6,-43.5
1.87,-21.6,-43.5
2.01,-21.6,-43.5
2.03,-21.6,-43.5
1.75,-21.6,-43.5
1.2,-21.6,-43.5
1.54,-21.6,-43.5
1.64,-21.6,-43.5
1.55,-21.6,-43.5
0.8,-21.6,-43.5
0.56,9.45,-38.55
-0.27,9.45,-38.55
-0.11,8.7,-41.55
1.13,8.7,-41.55
0.64,8.7,-41.55
0.69,10.2,-37.8
0.9,10.2,-37.8
2.07,14.7,-33.45
1.33,14.7,-33.45
1.1,14.7,-33.45
2.01,20.85,-30.15
2.49,20.85,-30.15
2.95,28.95,-15.75
1.76,28.95,-15.75
1.49,28.95,-15.75
1.92,31.35,-7.8
1.53,31.35,-7.8
1.11,28.05,-2.55
0.9,28.05,-2.55
0.89,28.05,-2.55
1.6,22.05,0.15
1.69,22.05,0.15
1.71,22.05,0.15
1.98,19.2,7.5
1.86,19.2,7.5
1.16,14.4,21.9
1.11,14.4,21.9
0.44,14.4,21.9
0.38,14.4,21.9
0.59,14.4,21.9
0.78,14.4,21.9
0.59,14.4,21.9
0.74,14.4,21.9
1,14.4,21.9
0.88,14.4,21.9
0.69,-0.15,54.15
0.67,-0.15,54.15
0.78,-3.75,56.7
0.48,-3.75,56.7
0.94,-3.75,56.7
1.15,-7.65,58.95
0.97,-7.65,58.95
1.34,-15.3,59.7
1.25,-15.3,59.7
1.86,-15.3,59.7
1.92,-22.8,59.7
2.06,-22.8,59.7
2.27,-34.8,57.15
1.81,-34.8,57.15
1.58,-34.8,57.15
0.98,-45.75,51
0.9,-45.75,51
0.94,-49.35,51
1,-49.35,51
0.76,-49.35,51
0.88,-52.2,48.75
0.7,-52.2,48.75
0.72,-56.1,48.15
0.51,-56.1,48.15
0.87,-56.1,48.15
1.08,-56.55,49.5
1.61,-56.55,49.5
1.1,-56.55,49.5
0.31,-56.55,49.5
0.66,-56.55,49.5
1.01,-56.55,49.5
0.96,-56.55,49.5
0.88,-56.55,49.5
-0.52,-56.55,49.5
-1.24,-56.55,49.5
-2.09,-67.35,39
-2.19,-67.35,39
-2.56,-60.6,47.7
-3.55,-60.6,47.7
-3.55,-60.6,47.7
-3.77,-43.2,58.8
-3.75,-43.2,58.8
-3.22,-24.9,62.55
-2.58,-24.9,62.55
-2.59,-24.9,62.55
-2.8,-9,62.1
-2.75,-9,62.1
-2.82,5.1,57.15
-2.5,5.1,57.15
-2.71,5.1,57.15
-2.52,15.45,49.05
-2.46,15.45,49.05
-2.53,23.4,36
-2.52,23.4,36
-2.51,23.4,36
-2.6,28.65,23.55
-3.29,28.65,23.55
-3.49,30.9,7.8
-3.12,30.9,7.8
-3.1,30.9,7.8
-2.93,26.4,-11.25
-2.66,26.4,-11.25
-2.71,18.45,-27
-2.6,18.45,-27
-2.27,18.45,-27
-1.73,18.45,-27
-1.75,18.45,-27
-1.85,18.45,-27
-1.39,18.45,-27
-1.28,18.45,-27
-0.69,18.45,-27
0.1,18.45,-27
0.09,-11.85,-46.2
-0.72,-11.85,-46.2
-1.04,-16.2,-44.7
-0.53,-16.2,-44.7
-0.16,-16.2,-44.7
-0.43,-17.25,-43.95
-1.4,-17.25,-43.95
0.02,-24.45,-44.25
0.2,-24.45,-44.25
0.2,-24.45,-44.25
0.3,-28.65,-45.15
0.09,-28.65,-45.15
-1.25,-30,-45.6
-1.01,-30,-45.6
-0.76,-30,-45.6
-1.22,-36,-48.75
-1.09,-36,-48.75
-1.89,-36,-48.75
-1.59,-43.95,-45.75
-0.97,-43.95,-45.75
-2.42,-52.65,-42.45
-2.86,-52.65,-42.45
-3.04,-52.65,-42.45
-2.14,-62.55,-32.1
-2.59,-62.55,-32.1
-2.68,-69.3,-21.15
-1.71,-69.3,-21.15
-1.8,-69.3,-21.15
-1.62,-71.1,-8.55
-2.66,-71.1,-8.55
-2.38,-71.1,-8.55
-2.66,-71.1,-8.55
-1.61,-71.1,-8.55
-2.7,-71.1,-8.55
-2.32,-71.1,-8.55
-1.28,-71.1,-8.55
-0.42,-71.1,-8.55
-0.48,-71.1,-8.55
-0.46,-71.1,-8.55
-1.37,-71.1,-8.55
-2.19,-55.65,40.8
-1.41,-55.65,40.8
-0.97,-48.3,49.5
-0.89,-48.3,49.5
-1.47,-48.3,49.5
-0.81,-42.9,52.5
-0.75,-42.9,52.5
-0.48,-37.35,55.2
-0.46,-37.35,55.2
-0.2,-37.35,55.2
0.01,-35.7,55.05
0.4,-35.7,55.05
1.47,-37.05,55.5
4.46,-37.05,55.5
2.72,-51.75,45.15
2.03,-51.75,45.15
2.03,-51.75,45.15
2.01,-57.75,37.2
1.5,-57.75,37.2
2.38,-63.6,29.85
2.76,-63.6,29.85
1.9,-63.6,29.85
1.5,-66,13.35
1.79,-66,13.35
2.19,-67.2,3.15
1.76,-67.2,3.15
1.89,-67.2,3.15
1.74,-67.05,-6.3
1.74,-67.05,-6.3
2.16,-67.05,-19.65
1.93,-67.05,-19.65
1.4,-61.05,-28.8
1.07,-61.05,-28.8
0.46,-61.05,-28.8
0.39,-61.95,-34.95
-0.04,-61.95,-34.95
-0.11,-61.95,-34.95
0.26,-61.95,-34.95
0.32,-61.95,-34.95
-0.07,-61.95,-34.95
-0.31,-61.95,-34.95
-0.74,-61.95,-34.95
-0.45,-61.95,-34.95
-1.05,-61.95,-34.95
-0.12,-56.55,-34.65
0.1,-56.55,-34.65
0.01,-56.7,-34.05
-0.22,-56.7,-34.05
-0.24,-55.35,-34.35
-0.28,-55.35,-34.35
-0.16,-55.35,-34.35
0.77,-54.6,-32.1
0.91,-54.6,-32.1
1.12,-56.25,-33.9
2,-56.25,-33.9
1.85,-56.25,-33.9
2.02,-56.25,-39.45
1.96,-56.25,-39.45
1.14,-47.7,-44.1
1.19,-47.7,-44.1
0.67,-47.7,-44.1
0.89,-42.3,-48.15
0.72,-42.3,-48.15
0.42,-37.65,-48.9
0.88,-37.65,-48.9
0.88,-37.65,-48.9
0.75,-30.6,-50.25
0.62,-30.6,-50.25
0.53,-24.6,-50.85
0.45,-24.6,-50.85
0.44,-24.6,-50.85
0.65,-18.75,-47.25
0.58,-18.75,-47.25
0.43,-10.8,-46.2
0.2,-10.8,-46.2
0.31,-3.75,-41.55
0.27,-3.75,-41.55
0.12,-3.75,-41.55
-0.2,5.7,-37.5
-0.03,5.7,-37.5
-0.12,10.2,-35.1
-0.26,10.2,-35.1
-0.37,10.2,-35.1
-0.47,10.2,-35.1
-0.75,10.2,-35.1
-0.65,10.2,-35.1
-0.76,10.2,-35.1
-0.63,10.2,-35.1
-0.54,10.2,-35.1
-0.92,10.2,-35.1
-1.05,10.2,-35.1
-1.21,10.2,-35.1
-1.24,16.5,-32.7
-1.14,16.5,-32.7
-0.99,16.5,-32.7
-0.26,14.4,-36.75
0.19,14.4,-36.75
-0.04,15.45,-36
-0.38,15.45,-36
-0.82,15.45,-36
-0.85,14.4,-36.75
-0.63,14.4,-36.75
-0.8,10.95,-40.05
-0.51,10.95,-40.05
-0.43,10.95,-40.05
-0.81,8.4,-41.55
-0.65,8.4,-41.55
-0.79,4.65,-42.75
-0.54,4.65,-42.75
-0.29,1.05,-46.2
0.2,1.05,-46.2
0.26,1.05,-46.2
-0.04,2.1,-45
-0.27,2.1,-45
-0.06,-0.3,-45
-0.38,-0.3,-45
-0.08,-0.3,-45
-0.31,-2.85,-46.2
-0.51,-2.85,-46.2
-0.37,-5.1,-47.1
-0.74,-5.1,-47.1
-0.18,-5.1,-47.1
-0.32,-9.9,-47.1
-0.23,-9.9,-47.1
-0.04,-12.9,-48
0.39,-12.9,-48
0.27,-12.75,-47.1
0.39,-12.75,-47.1
0.66,-12.75,-47.1
1.06,-8.1,-46.35
0.84,-8.1,-46.35
0.9,0.9,-44.85
1.04,0.9,-44.85
1.3,0.9,-44.85
1.79,8.25,-41.7
1.51,8.25,-41.7
1.08,8.25,-41.7
1.01,8.25,-41.7
1.19,8.25,-41.7
0.98,8.25,-41.7
1.02,8.25,-41.7
0.68,8.25,-41.7
0.68,8.25,-41.7
0.62,8.25,-41.7
-0.13,8.25,-41.7
-0.45,8.25,-41.7
0.23,8.25,-41.7
0.03,8.25,-41.7
0.19,-3.6,-26.7
0.27,-3.6,-26.7
0.24,-3.6,-26.7
0.13,-8.7,-31.35
0.3,-8.7,-31.35
0.13,-14.4,-34.65
0.14,-14.4,-34.65
0.22,-14.4,-34.65
-0.94,-20.1,-38.25
-1.52,-20.1,-38.25
-0.69,-33.3,-40.35
-0.88,-33.3,-40.35
-0.59,-42.75,-43.35
-0.29,-42.75,-43.35
0.23,-42.75,-43.35
-0.38,-49.05,-44.7
-0.44,-49.05,-44.7
-0.87,-50.85,-42.45
-1.28,-50.85,-42.45
-1.26,-50.85,-42.45
-0.91,-51.6,-37.5
-0.44,-51.6,-37.5
-0.34,-43.35,-33.3
-0.93,-43.35,-33.3
-0.11,-43.35,-33.3
-0.31,-32.1,-30.15
-0.6,-32.1,-30.15
-0.47,-18.3,-24.45
-0.54,-18.3,-24.45
-0.41,-18.3,-24.45
-0.25,-6.3,-21.3
-0.32,-6.3,-21.3
0,5.7,-17.1
0.65,5.7,-17.1
1.04,16.05,-14.7
1.46,16.05,-14.7
1.24,16.05,-14.7
1.22,21.45,-9.75
1.48,21.45,-9.75
1.35,26.4,-3.45
1.88,26.4,-3.45
1.67,26.4,-3.45
1.43,26.4,-3.45
1.51,26.4,-3.45
1.04,26.4,-3.45
0.41,26.4,-3.45
0.12,26.4,-3.45
-0.13,26.4,-3.45
-0.33,26.4,-3.45
-0.25,26.4,-3.45
-0.13,26.4,-3.45
0.05,26.4,-3.45
0.25,20.55,4.05
0.12,20.55,4.05
0.08,20.55,4.05
0.21,7.2,0.6
0.39,7.2,0.6
0.25,-3.3,0.15
0.25,-3.3,0.15
0.28,-3.3,0.15
0.14,-9.3,1.35
0.02,-9.3,1.35
-0.38,-13.65,3.3
-0.67,-13.65,3.3
-0.84,-10.35,4.35
-0.95,-10.35,4.35
-0.8,-10.35,4.35
-1.15,3.6,3.3
-1.56,3.6,3.3
-2.18,16.05,-0.15
-2.52,16.05,-0.15
-2.14,16.05,-0.15
-1.64,22.5,-10.95
-1.08,22.5,-10.95
-0.82,27.9,-16.5
-1.2,27.9,-16.5
-1.5,27.9,-16.5
-1.65,25.8,-22.05
-1.46,25.8,-22.05
-1.34,19.8,-29.7
-1.49,19.8,-29.7
-1.34,7.65,-35.85
-1.16,7.65,-35.85
-1.36,7.65,-35.85
-0.86,-4.5,-38.1
-1.05,-4.5,-38.1
-1,-14.7,-40.2
-0.88,-14.7,-40.2
-0.9,-14.7,-40.2
-0.82,-25.5,-43.5
-0.92,-25.5,-43.5
-0.93,-33.15,-44.7
-0.76,-33.15,-44.7
-0.63,-40.65,-45.45
-0.5,-40.65,-45.45
-0.57,-40.65,-45.45
-0.75,-46.2,-44.7
-0.69,-46.2,-44.7
-1.1,-48.6,-43.5
-0.89,-48.6,-43.5
-1.01,-48.6,-43.5
-0.92,-48.6,-43.5
-0.96,-48.6,-43.5
-1.27,-48.6,-43.5
-1.21,-48.6,-43.5
-1.14,-48.6,-43.5
-1.23,-48.6,-43.5
-1.16,-48.6,-43.5
-0.69,-48.6,-43.5
-1.05,-48.6,-43.5
-1.17,-48.6,-43.5
-1.43,-48.6,-43.5
-1.59,-48.6,-43.5
-1.89,-48.6,-43.5
-1.38,-48.6,-43.5
-1.02,-48.6,-43.5
-0.24,-48.6,-43.5
0.07,-48.6,-43.5
0.57,-14.7,-40.5
2.97,-14.7,-40.5
-0.03,-2.25,-29.55
0.2,-2.25,-29.55
0.21,-2.25,-29.55
0.46,6.45,-29.4
1.32,6.45,-29.4
1.83,12.15,-27.15
1.93,12.15,-27.15
2.22,16.2,-27.9
1.73,16.2,-27.9
1.51,16.2,-27.9
1,17.25,-27.15
0.12,17.25,-27.15
-0.82,10.5,-31.05
-1.24,10.5,-31.05
-2.39,10.5,-31.05
-1.67,4.2,-38.7
-0.75,4.2,-38.7
0.02,-3.9,-43.5
-0.24,-3.9,-43.5
0.32,-3.9,-43.5
1.24,-3,-43.65
-0.8,-3,-43.65
0.16,-1.35,-45.45
1.74,-1.35,-45.45
0.59,5.4,-36.45
0.57,5.4,-36.45
0.92,5.4,-36.45
0.74,7.35,-20.25
0.37,7.35,-20.25
0.27,10.05,-11.1
0.28,10.05,-11.1
0.36,10.05,-11.1
0.58,14.4,2.1
0.53,14.4,2.1
0.61,17.4,12.45
0.54,17.4,12.45
0.38,17.4,12.45
0.29,22.5,19.05
-0.02,22.5,19.05
-0.21,20.55,19.35
-0.27,20.55,19.35
-0.18,20.55,19.35
-0.06,20.7,12.45
-0.31,20.7,12.45
-0.15,18,-3.6
-0.3,18,-3.6
0.09,15.75,-17.1
0.38,15.75,-17.1
0.13,15.75,-17.1
0.14,16.95,-28.2
0.03,16.95,-28.2
-0.24,13.5,-35.55
-0.12,13.5,-35.55
-0.22,13.5,-35.55
0.52,10.8,-40.95
0.16,10.8,-40.95
0.17,13.05,-38.55
0.64,13.05,-38.55
0.19,13.05,-38.55
-0.21,15.3,-32.1
-0.21,15.3,-32.1
-0.56,14.7,-24.45
-0.79,14.7,-24.45
0.36,12.6,-20.1
0.69,12.6,-20.1
0.2,12.6,-20.1
0.47,13.5,-12.75
0.14,13.5,-12.75
0.22,16.5,-4.05
0.32,16.5,-4.05
0.47,16.5,-4.05
0.21,21,4.2
0.49,21,4.2
0.36,24.15,10.8
0.8,24.15,10.8
0.02,24.15,10.8
0.03,25.05,14.7
0.56,25.05,14.7
-0.82,24.15,17.4
-0.52,24.15,17.4
0.46,24.15,17.4
0.36,24.3,21
0.89,24.3,21
-0.06,24,26.25
-0.34,24,26.25
-0.3,24.15,31.2
-0.89,24.15,31.2
-1.31,24.15,31.2
-0.73,26.25,33.15
-0.57,26.25,33.15
-0.42,26.7,37.2
-0.24,26.7,37.2
-0.16,26.7,37.2
-0.41,26.25,37.5
-0.49,26.25,37.5
-0.77,27.6,35.55
-0.58,27.6,35.55
-0.81,27.6,35.55
-0.01,30,32.1
-0.43,30,32.1
-0.38,30.3,32.7
0.24,30.3,32.7
-0.1,30.3,32.7
0.02,30.9,28.2
0.08,30.9,28.2
0.44,30.45,25.8
0.37,30.45,25.8
0.5,27.6,22.5
-0.23,27.6,22.5
0.08,27.6,22.5
0.15,29.55,17.4
-0.13,29.55,17.4
0.04,29.1,17.1
0.36,29.1,17.1
0.23,29.1,17.1
0.03,27.15,18
0,27.15,18
-0.09,28.65,19.5
0.08,28.65,19.5
-0.1,27.75,23.4
0.52,27.75,23.4
0.84,27.75,23.4
1.1,27.3,32.4
1.03,27.3,32.4
0.73,25.2,40.2
1.06,25.2,40.2
-0.29,25.2,40.2
0.14,23.4,43.95
0.99,23.4,43.95
-0.23,21.75,42.15
0.11,21.75,42.15
0.58,21.75,42.15
0.67,22.5,37.05
0.42,22.5,37.05
-0.13,21.45,23.55
-0.53,21.45,23.55
-0.08,21.45,23.55
0.83,20.85,5.1
0.72,20.85,5.1
0.82,19.05,-11.1
0.53,19.05,-11.1
0.23,16.05,-18.3
0.31,16.05,-18.3
1.1,16.05,-18.3
0.62,14.7,-21.9
0.45,14.7,-21.9
0.57,17.4,-19.5
0.17,17.4,-19.5
-0.13,17.4,-19.5
0.92,17.4,-20.25
1.43,17.4,-20.25
1.34,21.45,-13.95
0.46,21.45,-13.95
-0.28,21.45,-13.95
-0.15,20.1,-24.9
-1.04,20.1,-24.9
-0.83,16.65,-35.55
-0.07,16.65,-35.55
0.73,16.65,-35.55
0.84,18.3,-33.45
0.79,18.3,-33.45
0.25,19.8,-32.4
-0.82,19.8,-32.4
-0.42,18.3,-26.4
-0.18,18.3,-26.4
-0.14,18.3,-26.4
-1.15,18.9,-19.05
-0.14,18.9,-19.05
0.37,15.75,-14.1
0.28,15.75,-14.1
-0.24,15.75,-14.1
-0.44,14.4,-10.35
0.31,14.4,-10.35
0.44,15.15,-3.6
0.41,15.15,-3.6
0.99,15.15,-3.6
0.49,18.45,1.95
-0.35,18.45,1.95
-1.27,18.45,1.95
-0.08,23.25,6
-0.2,23.25,6
-0.39,24.3,5.4
0.13,24.3,5.4
0.06,24.3,5.4
-0.24,26.7,4.05
-0.25,26.7,4.05
-0.45,25.8,3.15
-0.3,25.8,3.15
0.05,25.8,3.15
-0.14,23.55,0.9
-0.09,23.55,0.9
-0.55,24.6,0.9
-0.2,24.6,-4.2
0.11,24.6,-4.2
-0.22,22.65,-14.85
-0.25,22.65,-14.85
0,22.65,-14.85
0.35,21,-21
0.11,21,-21
0.48,21,-21
0.59,19.05,-30.9
0.54,19.05,-30.9
0.12,20.25,-33.3
-0.26,20.25,-33.3
0.26,20.25,-33.3
-0.2,19.2,-31.8
-0.01,19.2,-31.8
0.61,20.25,-23.55
0.94,20.25,-23.55
0.81,20.25,-23.55
0.15,19.2,-13.95
-0.11,19.2,-13.95
-0.06,19.2,-13.95
0.26,19.2,-13.95
0.27,19.2,-13.95
0.26,19.2,-13.95
0.05,19.2,-13.95
0.11,19.2,-13.95
-0.1,19.2,-13.95
0.51,19.2,-13.95
0.04,19.2,-13.95
-0.3,19.2,-13.95
0.28,19.2,-13.95
-0.38,19.2,-13.95
-0.6,19.2,-13.95
-0.64,26.25,14.4
0.37,26.25,14.4
0.25,26.25,14.4
-1.16,27.3,15.9
-1.01,27.3,15.9
-0.25,25.2,19.65
0.42,25.2,19.65
-0.02,24.3,26.25
-0.35,24.3,26.25
-0.56,24.3,26.25
-0.11,27,31.65
-0.13,27,31.65
-0.05,26.85,33.3
-0.64,26.85,33.3
-0.24,26.85,33.3
-0.28,28.2,34.35
-0.35,28.2,34.35
-0.11,29.55,29.7
-0.26,29.55,29.7
-0.71,29.55,29.7
-0.1,30.3,27.9
-0.03,30.3,27.9
0.24,29.4,25.5
0.22,29.4,25.5
-0.16,28.65,25.05
-0.19,28.65,25.05
0.26,28.65,25.05
0.09,29.55,22.35
0,29.55,22.35
0.07,29.55,22.35
0.25,29.55,22.35
0.17,29.55,22.35
0.06,29.55,22.35
0.12,29.55,22.35
-0.06,29.55,22.35
-0.18,29.55,22.35
-0.17,29.55,22.35
0.22,30.75,22.05
0.33,30.75,22.05
-0.47,30.6,29.7
0.26,30.6,29.7
1.27,28.95,31.8
0.75,28.95,31.8
1,28.95,31.8
3.41,26.1,34.05
-3.23,26.1,34.05
-3.62,20.1,5.1
0.73,20.1,5.1
0.29,20.1,5.1
-0.97,13.8,-7.5
0.11,13.8,-7.5
0.54,12.75,-11.25
0.48,12.75,-11.25
0.4,12.75,-11.25
2.39,16.5,-5.85
0.88,16.5,-5.85
1.03,8.7,-12.75
1.01,8.7,-12.75
0.94,8.7,-12.75
0.58,2.85,-16.65
0.67,2.85,-16.65
0.82,-9.45,-20.25
0.11,-9.45,-20.25
0.65,-9.45,-20.25
-0.09,-25.5,-24.9
0.11,-25.5,-24.9
0.53,-40.65,-27.15
0.1,-40.65,-27.15
0.89,-40.65,-27.15
0.76,-40.65,-27.15
0.33,-40.65,-27.15
0.82,-40.65,-27.15
-0.2,-40.65,-27.15
0.02,-40.65,-27.15
-0.14,-40.65,-27.15
0.26,-40.65,-27.15
0.95,-40.65,-27.15
0.81,-40.65,-27.15
0.73,-40.65,-27.15
0.74,-59.1,-38.7
0.59,-59.1,-38.7
0.25,-59.1,-38.7
0.28,-51.75,-39.6
0.33,-51.75,-39.6
0.96,-44.85,-40.05
1.17,-44.85,-40.05
0.74,-37.35,-40.35
0.04,-37.35,-40.35
-0.43,-37.35,-40.35
-0.66,-39.3,-41.7
-0.57,-39.3,-41.7
-0.44,-48.3,-41.25
-1.13,-48.3,-41.25
-0.79,-48.3,-41.25
-0.57,-57.3,-40.95
-0.79,-57.3,-40.95
-0.55,-57,-37.2
-0.74,-57,-37.2
-1.2,-57,-37.2
-1.55,-44.55,-31.8
-1.62,-44.55,-31.8
-1.61,-30.3,-24.45
-1.42,-30.3,-24.45
-1.37,-30.3,-24.45
-1.12,-16.65,-16.95
-0.95,-16.65,-16.95
-0.52,-3.6,-12.6
-0.4,-3.6,-12.6
-0.64,-3.6,-12.6
-0.83,-3.6,-12.6
-0.75,-3.6,-12.6
-0.52,-3.6,-12.6
-0.37,-3.6,-12.6
-0.11,-3.6,-12.6
0.15,-3.6,-12.6
0.4,-3.6,-12.6
0.48,31.5,-12
0.55,31.5,-12
0.63,31.5,-12
0.93,33,-7.95
0.9,33,-7.95
0.58,29.7,-5.4
0.83,29.7,-5.4
0.97,29.7,-5.4
1.33,22.8,-0.9
1.64,22.8,-0.9
1.51,15.75,-0.3
1.64,15.75,-0.3
1.83,15.75,-0.3
1.75,3.15,-3.3
1.48,3.15,-3.3
1.53,-5.4,-8.55
2.38,-5.4,-8.55
2.12,-14.25,-13.2
2.01,-14.25,-13.2
2.74,-14.25,-13.2
2.03,-23.7,-21.6
1.64,-23.7,-21.6
1.12,-28.65,-29.85
1.01,-28.65,-29.85
1.59,-28.65,-29.85
3.09,-28.8,-33.15
2.07,-28.8,-33.15
1.5,-28.8,-33.15
0.83,-28.8,-33.15
-0.18,-28.8,-33.15
-0.45,-28.8,-33.15
0.06,-28.8,-33.15
0.28,-28.8,-33.15
0.44,-28.8,-33.15
0.5,-20.1,-49.5
-0.3,-20.1,-49.5
0.02,-20.1,-49.5
0.59,-19.65,-48.9
-0.29,-19.65,-48.9
-0.63,-19.05,-48.3
-1.61,-19.05,-48.3
-1.81,-19.05,-48.3
3.99,-30.9,-43.95
0.84,-30.9,-43.95
0.72,-22.65,-43.2
0.24,-22.65,-43.2
-0.46,-22.65,-43.2
-1.31,-21.15,-43.5
-0.72,-21.15,-43.5
-0.29,-23.55,-44.1
-0.14,-23.55,-44.1
0.42,-23.55,-44.1
0.29,-21.45,-45.15
0.02,-21.45,-45.15
0.15,-18.45,-44.85
0.15,-18.45,-44.85
0.22,-18.45,-44.85
0.2,-17.4,-46.35
0.25,-17.4,-46.35
0.23,-15.15,-46.5
0,-15.15,-46.5
-0.04,-15.3,-46.65
-0.09,-15.3,-46.65
-0.02,-15.3,-46.65
-0.02,-15.3,-46.65
-0.03,-15.3,-46.65
-0.02,-15.3,-46.65
-0.02,-15.3,-46.65
-0.03,-15.3,-46.65
-0.09,-15.3,-46.65
0.1,-15.3,-46.65
-0.04,-15.3,-46.65
-0.01,-15.3,-46.65
-0.01,-15.3,-46.65
-0.02,-9.45,-39.6
0.04,-9.45,-39.6
-0.03,-8.7,-38.1
-0.01,-8.7,-38.1
0.01,-8.4,-38.55
-0.01,-8.4,-38.55
0,-8.4,-38.55
0,-10.2,-37.05
0,-10.2,-37.05
0,-9.6,-38.25
0,-9.6,-38.25
0,-9.6,-38.25
0,-9.9,-37.05
0,-9.9,-37.05
0,-7.5,-38.7
0,-7.5,-38.7
0,-7.5,-38.7
0,-10.35,-40.2
0,-10.35,-40.2
0,-9.3,-38.25
0.01,-9.3,-38.25
0,-10.2,-38.55
0,-10.2,-38.55
0.01,-10.2,-38.55
0,-7.2,-39.75
0,-7.2,-39.75
0,-9.15,-38.55
0.01,-9.15,-38.55
0,-9.15,-38.55
0,-9.15,-38.55
0,-9.15,-38.55
0.01,-9.15,-38.55
0.01,-9.15,-38.55
0,-9.15,-38.55
0,-9.15,-38.55
0,-9.15,-38.55
0,-9.15,-38.55
0,-9.15,-38.55
0,-9.15,-37.8
0,-9.15,-37.8
0.01,-9.15,-37.8
0,-8.25,-37.5
-0.05,-8.25,-37.5
0.03,-8.7,-37.05
0.01,-8.7,-37.05
0.01,-8.7,-37.05
0.01,-8.55,-38.7
0,-8.55,-38.7
